[{"rdex":"#001","ndex":"#722","name":"Rowlet","type_1":"Grass","type_2":"Flying","category":"Normal Form Double Type","pokemon_wiki_url":"bulbapedia.bulbagarden.net\/wiki\/Rowlet_(Pok%C3%A9mon)"},{"rdex":"#002","ndex":"#723","name":"Dartrix","type_1":"Grass","type_2":"Flying","category":"Normal Form Double Type","pokemon_wiki_url":"bulbapedia.bulbagarden.net\/wiki\/Dartrix_(Pok%C3%A9mon)"},{"rdex":"#003","ndex":"#724","name":"Decidueye","type_1":"Grass","type_2":"Ghost","category":"Normal Form Double Type","pokemon_wiki_url":"bulbapedia.bulbagarden.net\/wiki\/Decidueye_(Pok%C3%A9mon)"},{"rdex":"","ndex":"#724","name":"Decidueye","type_1":"Grass","type_2":"Fighting","category":"Regional Form Double Type","pokemon_wiki_url":"bulbapedia.bulbagarden.net\/wiki\/Decidueye_(Pok%C3%A9mon)"},{"rdex":"#004","ndex":"#725","name":"Litten","type_1":"Fire","type_2":"","category":"Normal Form Single Type","pokemon_wiki_url":"bulbapedia.bulbagarden.net\/wiki\/Litten_(Pok%C3%A9mon)"},{"rdex":"#005","ndex":"#726","name":"Torracat","type_1":"Fire","type_2":"","category":"Normal Form Single Type","pokemon_wiki_url":"bulbapedia.bulbagarden.net\/wiki\/Torracat_(Pok%C3%A9mon)"},{"rdex":"#006","ndex":"#727","name":"Incineroar","type_1":"Fire","type_2":"Dark","category":"Normal Form Double Type","pokemon_wiki_url":"bulbapedia.bulbagarden.net\/wiki\/Incineroar_(Pok%C3%A9mon)"},{"rdex":"#007","ndex":"#728","name":"Popplio","type_1":"Water","type_2":"","category":"Normal Form Single Type","pokemon_wiki_url":"bulbapedia.bulbagarden.net\/wiki\/Popplio_(Pok%C3%A9mon)"},{"rdex":"#008","ndex":"#729","name":"Brionne","type_1":"Water","type_2":"","category":"Normal Form Single Type","pokemon_wiki_url":"bulbapedia.bulbagarden.net\/wiki\/Brionne_(Pok%C3%A9mon)"},{"rdex":"#009","ndex":"#730","name":"Primarina","type_1":"Water","type_2":"Fairy","category":"Normal Form Double Type","pokemon_wiki_url":"bulbapedia.bulbagarden.net\/wiki\/Primarina_(Pok%C3%A9mon)"},{"rdex":"#010","ndex":"#731","name":"Pikipek","type_1":"Normal","type_2":"Flying","category":"Normal Form Double Type","pokemon_wiki_url":"bulbapedia.bulbagarden.net\/wiki\/Pikipek_(Pok%C3%A9mon)"},{"rdex":"#011","ndex":"#732","name":"Trumbeak","type_1":"Normal","type_2":"Flying","category":"Normal Form Double Type","pokemon_wiki_url":"bulbapedia.bulbagarden.net\/wiki\/Trumbeak_(Pok%C3%A9mon)"},{"rdex":"#012","ndex":"#733","name":"Toucannon","type_1":"Normal","type_2":"Flying","category":"Normal Form Double Type","pokemon_wiki_url":"bulbapedia.bulbagarden.net\/wiki\/Toucannon_(Pok%C3%A9mon)"},{"rdex":"#013","ndex":"#734","name":"Yungoos","type_1":"Normal","type_2":"","category":"Normal Form Single Type","pokemon_wiki_url":"bulbapedia.bulbagarden.net\/wiki\/Yungoos_(Pok%C3%A9mon)"},{"rdex":"#014","ndex":"#735","name":"Gumshoos","type_1":"Normal","type_2":"","category":"Normal Form Single Type","pokemon_wiki_url":"bulbapedia.bulbagarden.net\/wiki\/Gumshoos_(Pok%C3%A9mon)"},{"rdex":"#027","ndex":"#736","name":"Grubbin","type_1":"Bug","type_2":"","category":"Normal Form Single Type","pokemon_wiki_url":"bulbapedia.bulbagarden.net\/wiki\/Grubbin_(Pok%C3%A9mon)"},{"rdex":"#028","ndex":"#737","name":"Charjabug","type_1":"Bug","type_2":"Electric","category":"Normal Form Double Type","pokemon_wiki_url":"bulbapedia.bulbagarden.net\/wiki\/Charjabug_(Pok%C3%A9mon)"},{"rdex":"#029","ndex":"#738","name":"Vikavolt","type_1":"Bug","type_2":"Electric","category":"Normal Form Double Type","pokemon_wiki_url":"bulbapedia.bulbagarden.net\/wiki\/Vikavolt_(Pok%C3%A9mon)"},{"rdex":"#059","ndex":"#739","name":"Crabrawler","type_1":"Fighting","type_2":"","category":"Normal Form Single Type","pokemon_wiki_url":"bulbapedia.bulbagarden.net\/wiki\/Crabrawler_(Pok%C3%A9mon)"},{"rdex":"#060","ndex":"#740","name":"Crabominable","type_1":"Fighting","type_2":"Ice","category":"Normal Form Double Type","pokemon_wiki_url":"bulbapedia.bulbagarden.net\/wiki\/Crabominable_(Pok%C3%A9mon)"},{"rdex":"#082","ndex":"#741","name":"Oricorio","type_1":"Fire","type_2":"Flying","category":"Normal Form Double Type","pokemon_wiki_url":"bulbapedia.bulbagarden.net\/wiki\/Oricorio_(Pok%C3%A9mon)"},{"rdex":"#082","ndex":"#741","name":"Oricorio","type_1":"Electric","type_2":"Flying","category":"Normal Form Double Type","pokemon_wiki_url":"bulbapedia.bulbagarden.net\/wiki\/Oricorio_(Pok%C3%A9mon)"},{"rdex":"#082","ndex":"#741","name":"Oricorio","type_1":"Psychic","type_2":"Flying","category":"Normal Form Double Type","pokemon_wiki_url":"bulbapedia.bulbagarden.net\/wiki\/Oricorio_(Pok%C3%A9mon)"},{"rdex":"#082","ndex":"#741","name":"Oricorio","type_1":"Ghost","type_2":"Flying","category":"Normal Form Double Type","pokemon_wiki_url":"bulbapedia.bulbagarden.net\/wiki\/Oricorio_(Pok%C3%A9mon)"},{"rdex":"#083","ndex":"#742","name":"Cutiefly","type_1":"Bug","type_2":"Fairy","category":"Normal Form Double Type","pokemon_wiki_url":"bulbapedia.bulbagarden.net\/wiki\/Cutiefly_(Pok%C3%A9mon)"},{"rdex":"#084","ndex":"#743","name":"Ribombee","type_1":"Bug","type_2":"Fairy","category":"Normal Form Double Type","pokemon_wiki_url":"bulbapedia.bulbagarden.net\/wiki\/Ribombee_(Pok%C3%A9mon)"},{"rdex":"#103","ndex":"#744","name":"Rockruff","type_1":"Rock","type_2":"","category":"Normal Form Single Type","pokemon_wiki_url":"bulbapedia.bulbagarden.net\/wiki\/Rockruff_(Pok%C3%A9mon)"},{"rdex":"#104","ndex":"#745","name":"Lycanroc","type_1":"Rock","type_2":"","category":"Normal Form Single Type","pokemon_wiki_url":"bulbapedia.bulbagarden.net\/wiki\/Lycanroc_(Pok%C3%A9mon)"},{"rdex":"#110","ndex":"#746","name":"Wishiwashi","type_1":"Water","type_2":"","category":"Normal Form Single Type","pokemon_wiki_url":"bulbapedia.bulbagarden.net\/wiki\/Wishiwashi_(Pok%C3%A9mon)"},{"rdex":"#113","ndex":"#747","name":"Mareanie","type_1":"Poison","type_2":"Water","category":"Normal Form Double Type","pokemon_wiki_url":"bulbapedia.bulbagarden.net\/wiki\/Mareanie_(Pok%C3%A9mon)"},{"rdex":"#114","ndex":"#748","name":"Toxapex","type_1":"Poison","type_2":"Water","category":"Normal Form Double Type","pokemon_wiki_url":"bulbapedia.bulbagarden.net\/wiki\/Toxapex_(Pok%C3%A9mon)"},{"rdex":"#132","ndex":"#749","name":"Mudbray","type_1":"Ground","type_2":"","category":"Normal Form Single Type","pokemon_wiki_url":"bulbapedia.bulbagarden.net\/wiki\/Mudbray_(Pok%C3%A9mon)"},{"rdex":"#133","ndex":"#750","name":"Mudsdale","type_1":"Ground","type_2":"","category":"Normal Form Single Type","pokemon_wiki_url":"bulbapedia.bulbagarden.net\/wiki\/Mudsdale_(Pok%C3%A9mon)"},{"rdex":"#141","ndex":"#751","name":"Dewpider","type_1":"Water","type_2":"Bug","category":"Normal Form Double Type","pokemon_wiki_url":"bulbapedia.bulbagarden.net\/wiki\/Dewpider_(Pok%C3%A9mon)"},{"rdex":"#142","ndex":"#752","name":"Araquanid","type_1":"Water","type_2":"Bug","category":"Normal Form Double Type","pokemon_wiki_url":"bulbapedia.bulbagarden.net\/wiki\/Araquanid_(Pok%C3%A9mon)"},{"rdex":"#143","ndex":"#753","name":"Fomantis","type_1":"Grass","type_2":"","category":"Normal Form Single Type","pokemon_wiki_url":"bulbapedia.bulbagarden.net\/wiki\/Fomantis_(Pok%C3%A9mon)"},{"rdex":"#144","ndex":"#754","name":"Lurantis","type_1":"Grass","type_2":"","category":"Normal Form Single Type","pokemon_wiki_url":"bulbapedia.bulbagarden.net\/wiki\/Lurantis_(Pok%C3%A9mon)"},{"rdex":"#145","ndex":"#755","name":"Morelull","type_1":"Grass","type_2":"Fairy","category":"Normal Form Double Type","pokemon_wiki_url":"bulbapedia.bulbagarden.net\/wiki\/Morelull_(Pok%C3%A9mon)"},{"rdex":"#146","ndex":"#756","name":"Shiinotic","type_1":"Grass","type_2":"Fairy","category":"Normal Form Double Type","pokemon_wiki_url":"bulbapedia.bulbagarden.net\/wiki\/Shiinotic_(Pok%C3%A9mon)"},{"rdex":"#161","ndex":"#757","name":"Salandit","type_1":"Poison","type_2":"Fire","category":"Normal Form Double Type","pokemon_wiki_url":"bulbapedia.bulbagarden.net\/wiki\/Salandit_(Pok%C3%A9mon)"},{"rdex":"#162","ndex":"#758","name":"Salazzle","type_1":"Poison","type_2":"Fire","category":"Normal Form Double Type","pokemon_wiki_url":"bulbapedia.bulbagarden.net\/wiki\/Salazzle_(Pok%C3%A9mon)"},{"rdex":"#169","ndex":"#759","name":"Stufful","type_1":"Normal","type_2":"Fighting","category":"Normal Form Double Type","pokemon_wiki_url":"bulbapedia.bulbagarden.net\/wiki\/Stufful_(Pok%C3%A9mon)"},{"rdex":"#170","ndex":"#760","name":"Bewear","type_1":"Normal","type_2":"Fighting","category":"Normal Form Double Type","pokemon_wiki_url":"bulbapedia.bulbagarden.net\/wiki\/Bewear_(Pok%C3%A9mon)"},{"rdex":"#171","ndex":"#761","name":"Bounsweet","type_1":"Grass","type_2":"","category":"Normal Form Single Type","pokemon_wiki_url":"bulbapedia.bulbagarden.net\/wiki\/Bounsweet_(Pok%C3%A9mon)"},{"rdex":"#172","ndex":"#762","name":"Steenee","type_1":"Grass","type_2":"","category":"Normal Form Single Type","pokemon_wiki_url":"bulbapedia.bulbagarden.net\/wiki\/Steenee_(Pok%C3%A9mon)"},{"rdex":"#173","ndex":"#763","name":"Tsareena","type_1":"Grass","type_2":"","category":"Normal Form Single Type","pokemon_wiki_url":"bulbapedia.bulbagarden.net\/wiki\/Tsareena_(Pok%C3%A9mon)"},{"rdex":"#174","ndex":"#764","name":"Comfey","type_1":"Fairy","type_2":"","category":"Normal Form Single Type","pokemon_wiki_url":"bulbapedia.bulbagarden.net\/wiki\/Comfey_(Pok%C3%A9mon)"},{"rdex":"#176","ndex":"#765","name":"Oranguru","type_1":"Normal","type_2":"Psychic","category":"Normal Form Double Type","pokemon_wiki_url":"bulbapedia.bulbagarden.net\/wiki\/Oranguru_(Pok%C3%A9mon)"},{"rdex":"#177","ndex":"#766","name":"Passimian","type_1":"Fighting","type_2":"","category":"Normal Form Single Type","pokemon_wiki_url":"bulbapedia.bulbagarden.net\/wiki\/Passimian_(Pok%C3%A9mon)"},{"rdex":"#182","ndex":"#767","name":"Wimpod","type_1":"Bug","type_2":"Water","category":"Normal Form Double Type","pokemon_wiki_url":"bulbapedia.bulbagarden.net\/wiki\/Wimpod_(Pok%C3%A9mon)"},{"rdex":"#183","ndex":"#768","name":"Golisopod","type_1":"Bug","type_2":"Water","category":"Normal Form Double Type","pokemon_wiki_url":"bulbapedia.bulbagarden.net\/wiki\/Golisopod_(Pok%C3%A9mon)"},{"rdex":"#186","ndex":"#769","name":"Sandygast","type_1":"Ghost","type_2":"Ground","category":"Normal Form Double Type","pokemon_wiki_url":"bulbapedia.bulbagarden.net\/wiki\/Sandygast_(Pok%C3%A9mon)"},{"rdex":"#187","ndex":"#770","name":"Palossand","type_1":"Ghost","type_2":"Ground","category":"Normal Form Double Type","pokemon_wiki_url":"bulbapedia.bulbagarden.net\/wiki\/Palossand_(Pok%C3%A9mon)"},{"rdex":"#200","ndex":"#771","name":"Pyukumuku","type_1":"Water","type_2":"","category":"Normal Form Single Type","pokemon_wiki_url":"bulbapedia.bulbagarden.net\/wiki\/Pyukumuku_(Pok%C3%A9mon)"},{"rdex":"#203","ndex":"#772","name":"Type: Null","type_1":"Normal","type_2":"","category":"Normal Form Single Type","pokemon_wiki_url":"bulbapedia.bulbagarden.net\/wiki\/Type:_Null_(Pok%C3%A9mon)"},{"rdex":"#204","ndex":"#773","name":"Silvally","type_1":"Normal","type_2":"","category":"Normal Form Single Type","pokemon_wiki_url":"bulbapedia.bulbagarden.net\/wiki\/Silvally_(Pok%C3%A9mon)"},{"rdex":"#213","ndex":"#774","name":"Minior","type_1":"Rock","type_2":"Flying","category":"Normal Form Double Type","pokemon_wiki_url":"bulbapedia.bulbagarden.net\/wiki\/Minior_(Pok%C3%A9mon)"},{"rdex":"#222","ndex":"#775","name":"Komala","type_1":"Normal","type_2":"","category":"Normal Form Single Type","pokemon_wiki_url":"bulbapedia.bulbagarden.net\/wiki\/Komala_(Pok%C3%A9mon)"},{"rdex":"#224","ndex":"#776","name":"Turtonator","type_1":"Fire","type_2":"Dragon","category":"Normal Form Double Type","pokemon_wiki_url":"bulbapedia.bulbagarden.net\/wiki\/Turtonator_(Pok%C3%A9mon)"},{"rdex":"#225","ndex":"#777","name":"Togedemaru","type_1":"Electric","type_2":"Steel","category":"Normal Form Double Type","pokemon_wiki_url":"bulbapedia.bulbagarden.net\/wiki\/Togedemaru_(Pok%C3%A9mon)"},{"rdex":"#242","ndex":"#778","name":"Mimikyu","type_1":"Ghost","type_2":"Fairy","category":"Normal Form Double Type","pokemon_wiki_url":"bulbapedia.bulbagarden.net\/wiki\/Mimikyu_(Pok%C3%A9mon)"},{"rdex":"#243","ndex":"#779","name":"Bruxish","type_1":"Water","type_2":"Psychic","category":"Normal Form Double Type","pokemon_wiki_url":"bulbapedia.bulbagarden.net\/wiki\/Bruxish_(Pok%C3%A9mon)"},{"rdex":"#244","ndex":"#780","name":"Drampa","type_1":"Normal","type_2":"Dragon","category":"Normal Form Double Type","pokemon_wiki_url":"bulbapedia.bulbagarden.net\/wiki\/Drampa_(Pok%C3%A9mon)"},{"rdex":"#263","ndex":"#781","name":"Dhelmise","type_1":"Ghost","type_2":"Grass","category":"Normal Form Double Type","pokemon_wiki_url":"bulbapedia.bulbagarden.net\/wiki\/Dhelmise_(Pok%C3%A9mon)"},{"rdex":"#271","ndex":"#782","name":"Jangmo-o","type_1":"Dragon","type_2":"","category":"Normal Form Single Type","pokemon_wiki_url":"bulbapedia.bulbagarden.net\/wiki\/Jangmo-o_(Pok%C3%A9mon)"},{"rdex":"#272","ndex":"#783","name":"Hakamo-o","type_1":"Dragon","type_2":"Fighting","category":"Normal Form Double Type","pokemon_wiki_url":"bulbapedia.bulbagarden.net\/wiki\/Hakamo-o_(Pok%C3%A9mon)"},{"rdex":"#273","ndex":"#784","name":"Kommo-o","type_1":"Dragon","type_2":"Fighting","category":"Normal Form Double Type","pokemon_wiki_url":"bulbapedia.bulbagarden.net\/wiki\/Kommo-o_(Pok%C3%A9mon)"},{"rdex":"#285","ndex":"#785","name":"Tapu Koko","type_1":"Electric","type_2":"Fairy","category":"Normal Form Double Type","pokemon_wiki_url":"bulbapedia.bulbagarden.net\/wiki\/Tapu_Koko_(Pok%C3%A9mon)"},{"rdex":"#286","ndex":"#786","name":"Tapu Lele","type_1":"Psychic","type_2":"Fairy","category":"Normal Form Double Type","pokemon_wiki_url":"bulbapedia.bulbagarden.net\/wiki\/Tapu_Lele_(Pok%C3%A9mon)"},{"rdex":"#287","ndex":"#787","name":"Tapu Bulu","type_1":"Grass","type_2":"Fairy","category":"Normal Form Double Type","pokemon_wiki_url":"bulbapedia.bulbagarden.net\/wiki\/Tapu_Bulu_(Pok%C3%A9mon)"},{"rdex":"#288","ndex":"#788","name":"Tapu Fini","type_1":"Water","type_2":"Fairy","category":"Normal Form Double Type","pokemon_wiki_url":"bulbapedia.bulbagarden.net\/wiki\/Tapu_Fini_(Pok%C3%A9mon)"},{"rdex":"#289","ndex":"#789","name":"Cosmog","type_1":"Psychic","type_2":"","category":"Normal Form Single Type","pokemon_wiki_url":"bulbapedia.bulbagarden.net\/wiki\/Cosmog_(Pok%C3%A9mon)"},{"rdex":"#290","ndex":"#790","name":"Cosmoem","type_1":"Psychic","type_2":"","category":"Normal Form Single Type","pokemon_wiki_url":"bulbapedia.bulbagarden.net\/wiki\/Cosmoem_(Pok%C3%A9mon)"},{"rdex":"#291","ndex":"#791","name":"Solgaleo","type_1":"Psychic","type_2":"Steel","category":"Normal Form Double Type","pokemon_wiki_url":"bulbapedia.bulbagarden.net\/wiki\/Solgaleo_(Pok%C3%A9mon)"},{"rdex":"#292","ndex":"#792","name":"Lunala","type_1":"Psychic","type_2":"Ghost","category":"Normal Form Double Type","pokemon_wiki_url":"bulbapedia.bulbagarden.net\/wiki\/Lunala_(Pok%C3%A9mon)"},{"rdex":"#293","ndex":"#793","name":"Nihilego","type_1":"Rock","type_2":"Poison","category":"Normal Form Double Type","pokemon_wiki_url":"bulbapedia.bulbagarden.net\/wiki\/Nihilego_(Pok%C3%A9mon)"},{"rdex":"#294","ndex":"#794","name":"Buzzwole","type_1":"Bug","type_2":"Fighting","category":"Normal Form Double Type","pokemon_wiki_url":"bulbapedia.bulbagarden.net\/wiki\/Buzzwole_(Pok%C3%A9mon)"},{"rdex":"#295","ndex":"#795","name":"Pheromosa","type_1":"Bug","type_2":"Fighting","category":"Normal Form Double Type","pokemon_wiki_url":"bulbapedia.bulbagarden.net\/wiki\/Pheromosa_(Pok%C3%A9mon)"},{"rdex":"#296","ndex":"#796","name":"Xurkitree","type_1":"Electric","type_2":"","category":"Normal Form Single Type","pokemon_wiki_url":"bulbapedia.bulbagarden.net\/wiki\/Xurkitree_(Pok%C3%A9mon)"},{"rdex":"#297","ndex":"#797","name":"Celesteela","type_1":"Steel","type_2":"Flying","category":"Normal Form Double Type","pokemon_wiki_url":"bulbapedia.bulbagarden.net\/wiki\/Celesteela_(Pok%C3%A9mon)"},{"rdex":"#298","ndex":"#798","name":"Kartana","type_1":"Grass","type_2":"Steel","category":"Normal Form Double Type","pokemon_wiki_url":"bulbapedia.bulbagarden.net\/wiki\/Kartana_(Pok%C3%A9mon)"},{"rdex":"#299","ndex":"#799","name":"Guzzlord","type_1":"Dark","type_2":"Dragon","category":"Normal Form Double Type","pokemon_wiki_url":"bulbapedia.bulbagarden.net\/wiki\/Guzzlord_(Pok%C3%A9mon)"},{"rdex":"#300","ndex":"#800","name":"Necrozma","type_1":"Psychic","type_2":"","category":"Normal Form Single Type","pokemon_wiki_url":"bulbapedia.bulbagarden.net\/wiki\/Necrozma_(Pok%C3%A9mon)"},{"rdex":"#301","ndex":"#801","name":"Magearna","type_1":"Steel","type_2":"Fairy","category":"Normal Form Double Type","pokemon_wiki_url":"bulbapedia.bulbagarden.net\/wiki\/Magearna_(Pok%C3%A9mon)"},{"rdex":"#302","ndex":"#802","name":"Marshadow","type_1":"Fighting","type_2":"Ghost","category":"Normal Form Double Type","pokemon_wiki_url":"bulbapedia.bulbagarden.net\/wiki\/Marshadow_(Pok%C3%A9mon)"},{"rdex":"#261","ndex":"#803","name":"Poipole","type_1":"Poison","type_2":"","category":"Normal Form Single Type","pokemon_wiki_url":"bulbapedia.bulbagarden.net\/wiki\/Poipole_(Pok%C3%A9mon)"},{"rdex":"#262","ndex":"#804","name":"Naganadel","type_1":"Poison","type_2":"Dragon","category":"Normal Form Double Type","pokemon_wiki_url":"bulbapedia.bulbagarden.net\/wiki\/Naganadel_(Pok%C3%A9mon)"},{"rdex":"#392","ndex":"#805","name":"Stakataka","type_1":"Rock","type_2":"Steel","category":"Normal Form Double Type","pokemon_wiki_url":"bulbapedia.bulbagarden.net\/wiki\/Stakataka_(Pok%C3%A9mon)"},{"rdex":"#393","ndex":"#806","name":"Blacephalon","type_1":"Fire","type_2":"Ghost","category":"Normal Form Double Type","pokemon_wiki_url":"bulbapedia.bulbagarden.net\/wiki\/Blacephalon_(Pok%C3%A9mon)"},{"rdex":"#403","ndex":"#807","name":"Zeraora","type_1":"Electric","type_2":"","category":"Normal Form Single Type","pokemon_wiki_url":"bulbapedia.bulbagarden.net\/wiki\/Zeraora_(Pok%C3%A9mon)"},{"rdex":"#---","ndex":"#808","name":"Meltan","type_1":"Steel","type_2":"","category":"Normal Form Single Type","pokemon_wiki_url":"bulbapedia.bulbagarden.net\/wiki\/Meltan_(Pok%C3%A9mon)"},{"rdex":"#---","ndex":"#809","name":"Melmetal","type_1":"Steel","type_2":"","category":"Normal Form Single Type","pokemon_wiki_url":"bulbapedia.bulbagarden.net\/wiki\/Melmetal_(Pok%C3%A9mon)"}]