[{"rdex":"#001","ndex":"#387","name":"Turtwig","type_1":"Grass","type_2":"","category":"Normal Form Single Type","pokemon_wiki_url":"bulbapedia.bulbagarden.net\/wiki\/Turtwig_(Pok%C3%A9mon)"},{"rdex":"#002","ndex":"#388","name":"Grotle","type_1":"Grass","type_2":"","category":"Normal Form Single Type","pokemon_wiki_url":"bulbapedia.bulbagarden.net\/wiki\/Grotle_(Pok%C3%A9mon)"},{"rdex":"#003","ndex":"#389","name":"Torterra","type_1":"Grass","type_2":"Ground","category":"Normal Form Double Type","pokemon_wiki_url":"bulbapedia.bulbagarden.net\/wiki\/Torterra_(Pok%C3%A9mon)"},{"rdex":"#004","ndex":"#390","name":"Chimchar","type_1":"Fire","type_2":"","category":"Normal Form Single Type","pokemon_wiki_url":"bulbapedia.bulbagarden.net\/wiki\/Chimchar_(Pok%C3%A9mon)"},{"rdex":"#005","ndex":"#391","name":"Monferno","type_1":"Fire","type_2":"Fighting","category":"Normal Form Double Type","pokemon_wiki_url":"bulbapedia.bulbagarden.net\/wiki\/Monferno_(Pok%C3%A9mon)"},{"rdex":"#006","ndex":"#392","name":"Infernape","type_1":"Fire","type_2":"Fighting","category":"Normal Form Double Type","pokemon_wiki_url":"bulbapedia.bulbagarden.net\/wiki\/Infernape_(Pok%C3%A9mon)"},{"rdex":"#007","ndex":"#393","name":"Piplup","type_1":"Water","type_2":"","category":"Normal Form Single Type","pokemon_wiki_url":"bulbapedia.bulbagarden.net\/wiki\/Piplup_(Pok%C3%A9mon)"},{"rdex":"#008","ndex":"#394","name":"Prinplup","type_1":"Water","type_2":"","category":"Normal Form Single Type","pokemon_wiki_url":"bulbapedia.bulbagarden.net\/wiki\/Prinplup_(Pok%C3%A9mon)"},{"rdex":"#009","ndex":"#395","name":"Empoleon","type_1":"Water","type_2":"Steel","category":"Normal Form Double Type","pokemon_wiki_url":"bulbapedia.bulbagarden.net\/wiki\/Empoleon_(Pok%C3%A9mon)"},{"rdex":"#010","ndex":"#396","name":"Starly","type_1":"Normal","type_2":"Flying","category":"Normal Form Double Type","pokemon_wiki_url":"bulbapedia.bulbagarden.net\/wiki\/Starly_(Pok%C3%A9mon)"},{"rdex":"#011","ndex":"#397","name":"Staravia","type_1":"Normal","type_2":"Flying","category":"Normal Form Double Type","pokemon_wiki_url":"bulbapedia.bulbagarden.net\/wiki\/Staravia_(Pok%C3%A9mon)"},{"rdex":"#012","ndex":"#398","name":"Staraptor","type_1":"Normal","type_2":"Flying","category":"Normal Form Double Type","pokemon_wiki_url":"bulbapedia.bulbagarden.net\/wiki\/Staraptor_(Pok%C3%A9mon)"},{"rdex":"#013","ndex":"#399","name":"Bidoof","type_1":"Normal","type_2":"","category":"Normal Form Single Type","pokemon_wiki_url":"bulbapedia.bulbagarden.net\/wiki\/Bidoof_(Pok%C3%A9mon)"},{"rdex":"#014","ndex":"#400","name":"Bibarel","type_1":"Normal","type_2":"Water","category":"Normal Form Double Type","pokemon_wiki_url":"bulbapedia.bulbagarden.net\/wiki\/Bibarel_(Pok%C3%A9mon)"},{"rdex":"#015","ndex":"#401","name":"Kricketot","type_1":"Bug","type_2":"","category":"Normal Form Single Type","pokemon_wiki_url":"bulbapedia.bulbagarden.net\/wiki\/Kricketot_(Pok%C3%A9mon)"},{"rdex":"#016","ndex":"#402","name":"Kricketune","type_1":"Bug","type_2":"","category":"Normal Form Single Type","pokemon_wiki_url":"bulbapedia.bulbagarden.net\/wiki\/Kricketune_(Pok%C3%A9mon)"},{"rdex":"#017","ndex":"#403","name":"Shinx","type_1":"Electric","type_2":"","category":"Normal Form Single Type","pokemon_wiki_url":"bulbapedia.bulbagarden.net\/wiki\/Shinx_(Pok%C3%A9mon)"},{"rdex":"#018","ndex":"#404","name":"Luxio","type_1":"Electric","type_2":"","category":"Normal Form Single Type","pokemon_wiki_url":"bulbapedia.bulbagarden.net\/wiki\/Luxio_(Pok%C3%A9mon)"},{"rdex":"#019","ndex":"#405","name":"Luxray","type_1":"Electric","type_2":"","category":"Normal Form Single Type","pokemon_wiki_url":"bulbapedia.bulbagarden.net\/wiki\/Luxray_(Pok%C3%A9mon)"},{"rdex":"#025","ndex":"#406","name":"Budew","type_1":"Grass","type_2":"Poison","category":"Normal Form Double Type","pokemon_wiki_url":"bulbapedia.bulbagarden.net\/wiki\/Budew_(Pok%C3%A9mon)"},{"rdex":"#027","ndex":"#407","name":"Roserade","type_1":"Grass","type_2":"Poison","category":"Normal Form Double Type","pokemon_wiki_url":"bulbapedia.bulbagarden.net\/wiki\/Roserade_(Pok%C3%A9mon)"},{"rdex":"#036","ndex":"#408","name":"Cranidos","type_1":"Rock","type_2":"","category":"Normal Form Single Type","pokemon_wiki_url":"bulbapedia.bulbagarden.net\/wiki\/Cranidos_(Pok%C3%A9mon)"},{"rdex":"#037","ndex":"#409","name":"Rampardos","type_1":"Rock","type_2":"","category":"Normal Form Single Type","pokemon_wiki_url":"bulbapedia.bulbagarden.net\/wiki\/Rampardos_(Pok%C3%A9mon)"},{"rdex":"#038","ndex":"#410","name":"Shieldon","type_1":"Rock","type_2":"Steel","category":"Normal Form Double Type","pokemon_wiki_url":"bulbapedia.bulbagarden.net\/wiki\/Shieldon_(Pok%C3%A9mon)"},{"rdex":"#039","ndex":"#411","name":"Bastiodon","type_1":"Rock","type_2":"Steel","category":"Normal Form Double Type","pokemon_wiki_url":"bulbapedia.bulbagarden.net\/wiki\/Bastiodon_(Pok%C3%A9mon)"},{"rdex":"#045","ndex":"#412","name":"Burmy","type_1":"Bug","type_2":"","category":"Normal Form Single Type","pokemon_wiki_url":"bulbapedia.bulbagarden.net\/wiki\/Burmy_(Pok%C3%A9mon)"},{"rdex":"#045","ndex":"#412","name":"Burmy","type_1":"Bug","type_2":"","category":"Normal Form Single Type","pokemon_wiki_url":"bulbapedia.bulbagarden.net\/wiki\/Burmy_(Pok%C3%A9mon)"},{"rdex":"#045","ndex":"#412","name":"Burmy","type_1":"Bug","type_2":"","category":"Normal Form Single Type","pokemon_wiki_url":"bulbapedia.bulbagarden.net\/wiki\/Burmy_(Pok%C3%A9mon)"},{"rdex":"#046","ndex":"#413","name":"Wormadam","type_1":"Bug","type_2":"Grass","category":"Normal Form Double Type","pokemon_wiki_url":"bulbapedia.bulbagarden.net\/wiki\/Wormadam_(Pok%C3%A9mon)"},{"rdex":"#046","ndex":"#413","name":"Wormadam","type_1":"Bug","type_2":"Ground","category":"Normal Form Double Type","pokemon_wiki_url":"bulbapedia.bulbagarden.net\/wiki\/Wormadam_(Pok%C3%A9mon)"},{"rdex":"#046","ndex":"#413","name":"Wormadam","type_1":"Bug","type_2":"Steel","category":"Normal Form Double Type","pokemon_wiki_url":"bulbapedia.bulbagarden.net\/wiki\/Wormadam_(Pok%C3%A9mon)"},{"rdex":"#047","ndex":"#414","name":"Mothim","type_1":"Bug","type_2":"Flying","category":"Normal Form Double Type","pokemon_wiki_url":"bulbapedia.bulbagarden.net\/wiki\/Mothim_(Pok%C3%A9mon)"},{"rdex":"#053","ndex":"#415","name":"Combee","type_1":"Bug","type_2":"Flying","category":"Normal Form Double Type","pokemon_wiki_url":"bulbapedia.bulbagarden.net\/wiki\/Combee_(Pok%C3%A9mon)"},{"rdex":"#054","ndex":"#416","name":"Vespiquen","type_1":"Bug","type_2":"Flying","category":"Normal Form Double Type","pokemon_wiki_url":"bulbapedia.bulbagarden.net\/wiki\/Vespiquen_(Pok%C3%A9mon)"},{"rdex":"#055","ndex":"#417","name":"Pachirisu","type_1":"Electric","type_2":"","category":"Normal Form Single Type","pokemon_wiki_url":"bulbapedia.bulbagarden.net\/wiki\/Pachirisu_(Pok%C3%A9mon)"},{"rdex":"#056","ndex":"#418","name":"Buizel","type_1":"Water","type_2":"","category":"Normal Form Single Type","pokemon_wiki_url":"bulbapedia.bulbagarden.net\/wiki\/Buizel_(Pok%C3%A9mon)"},{"rdex":"#057","ndex":"#419","name":"Floatzel","type_1":"Water","type_2":"","category":"Normal Form Single Type","pokemon_wiki_url":"bulbapedia.bulbagarden.net\/wiki\/Floatzel_(Pok%C3%A9mon)"},{"rdex":"#058","ndex":"#420","name":"Cherubi","type_1":"Grass","type_2":"","category":"Normal Form Single Type","pokemon_wiki_url":"bulbapedia.bulbagarden.net\/wiki\/Cherubi_(Pok%C3%A9mon)"},{"rdex":"#059","ndex":"#421","name":"Cherrim","type_1":"Grass","type_2":"","category":"Normal Form Single Type","pokemon_wiki_url":"bulbapedia.bulbagarden.net\/wiki\/Cherrim_(Pok%C3%A9mon)"},{"rdex":"#060","ndex":"#422","name":"Shellos","type_1":"Water","type_2":"","category":"Normal Form Single Type","pokemon_wiki_url":"bulbapedia.bulbagarden.net\/wiki\/Shellos_(Pok%C3%A9mon)"},{"rdex":"#060","ndex":"#422","name":"Shellos","type_1":"Water","type_2":"","category":"Normal Form Single Type","pokemon_wiki_url":"bulbapedia.bulbagarden.net\/wiki\/Shellos_(Pok%C3%A9mon)"},{"rdex":"#061","ndex":"#423","name":"Gastrodon","type_1":"Water","type_2":"Ground","category":"Normal Form Double Type","pokemon_wiki_url":"bulbapedia.bulbagarden.net\/wiki\/Gastrodon_(Pok%C3%A9mon)"},{"rdex":"#061","ndex":"#423","name":"Gastrodon","type_1":"Water","type_2":"Ground","category":"Normal Form Double Type","pokemon_wiki_url":"bulbapedia.bulbagarden.net\/wiki\/Gastrodon_(Pok%C3%A9mon)"},{"rdex":"#064","ndex":"#424","name":"Ambipom","type_1":"Normal","type_2":"","category":"Normal Form Single Type","pokemon_wiki_url":"bulbapedia.bulbagarden.net\/wiki\/Ambipom_(Pok%C3%A9mon)"},{"rdex":"#065","ndex":"#425","name":"Drifloon","type_1":"Ghost","type_2":"Flying","category":"Normal Form Double Type","pokemon_wiki_url":"bulbapedia.bulbagarden.net\/wiki\/Drifloon_(Pok%C3%A9mon)"},{"rdex":"#066","ndex":"#426","name":"Drifblim","type_1":"Ghost","type_2":"Flying","category":"Normal Form Double Type","pokemon_wiki_url":"bulbapedia.bulbagarden.net\/wiki\/Drifblim_(Pok%C3%A9mon)"},{"rdex":"#067","ndex":"#427","name":"Buneary","type_1":"Normal","type_2":"","category":"Normal Form Single Type","pokemon_wiki_url":"bulbapedia.bulbagarden.net\/wiki\/Buneary_(Pok%C3%A9mon)"},{"rdex":"#068","ndex":"#428","name":"Lopunny","type_1":"Normal","type_2":"","category":"Normal Form Single Type","pokemon_wiki_url":"bulbapedia.bulbagarden.net\/wiki\/Lopunny_(Pok%C3%A9mon)"},{"rdex":"#073","ndex":"#429","name":"Mismagius","type_1":"Ghost","type_2":"","category":"Normal Form Single Type","pokemon_wiki_url":"bulbapedia.bulbagarden.net\/wiki\/Mismagius_(Pok%C3%A9mon)"},{"rdex":"#075","ndex":"#430","name":"Honchkrow","type_1":"Dark","type_2":"Flying","category":"Normal Form Double Type","pokemon_wiki_url":"bulbapedia.bulbagarden.net\/wiki\/Honchkrow_(Pok%C3%A9mon)"},{"rdex":"#076","ndex":"#431","name":"Glameow","type_1":"Normal","type_2":"","category":"Normal Form Single Type","pokemon_wiki_url":"bulbapedia.bulbagarden.net\/wiki\/Glameow_(Pok%C3%A9mon)"},{"rdex":"#077","ndex":"#432","name":"Purugly","type_1":"Normal","type_2":"","category":"Normal Form Single Type","pokemon_wiki_url":"bulbapedia.bulbagarden.net\/wiki\/Purugly_(Pok%C3%A9mon)"},{"rdex":"#082","ndex":"#433","name":"Chingling","type_1":"Psychic","type_2":"","category":"Normal Form Single Type","pokemon_wiki_url":"bulbapedia.bulbagarden.net\/wiki\/Chingling_(Pok%C3%A9mon)"},{"rdex":"#084","ndex":"#434","name":"Stunky","type_1":"Poison","type_2":"Dark","category":"Normal Form Double Type","pokemon_wiki_url":"bulbapedia.bulbagarden.net\/wiki\/Stunky_(Pok%C3%A9mon)"},{"rdex":"#085","ndex":"#435","name":"Skuntank","type_1":"Poison","type_2":"Dark","category":"Normal Form Double Type","pokemon_wiki_url":"bulbapedia.bulbagarden.net\/wiki\/Skuntank_(Pok%C3%A9mon)"},{"rdex":"#088","ndex":"#436","name":"Bronzor","type_1":"Steel","type_2":"Psychic","category":"Normal Form Double Type","pokemon_wiki_url":"bulbapedia.bulbagarden.net\/wiki\/Bronzor_(Pok%C3%A9mon)"},{"rdex":"#089","ndex":"#437","name":"Bronzong","type_1":"Steel","type_2":"Psychic","category":"Normal Form Double Type","pokemon_wiki_url":"bulbapedia.bulbagarden.net\/wiki\/Bronzong_(Pok%C3%A9mon)"},{"rdex":"#092","ndex":"#438","name":"Bonsly","type_1":"Rock","type_2":"","category":"Normal Form Single Type","pokemon_wiki_url":"bulbapedia.bulbagarden.net\/wiki\/Bonsly_(Pok%C3%A9mon)"},{"rdex":"#094","ndex":"#439","name":"Mime Jr.","type_1":"Psychic","type_2":"Fairy","category":"Normal Form Double Type","pokemon_wiki_url":"bulbapedia.bulbagarden.net\/wiki\/Mime_Jr._(Pok%C3%A9mon)"},{"rdex":"#096","ndex":"#440","name":"Happiny","type_1":"Normal","type_2":"","category":"Normal Form Single Type","pokemon_wiki_url":"bulbapedia.bulbagarden.net\/wiki\/Happiny_(Pok%C3%A9mon)"},{"rdex":"#102","ndex":"#441","name":"Chatot","type_1":"Normal","type_2":"Flying","category":"Normal Form Double Type","pokemon_wiki_url":"bulbapedia.bulbagarden.net\/wiki\/Chatot_(Pok%C3%A9mon)"},{"rdex":"#108","ndex":"#442","name":"Spiritomb","type_1":"Ghost","type_2":"Dark","category":"Normal Form Double Type","pokemon_wiki_url":"bulbapedia.bulbagarden.net\/wiki\/Spiritomb_(Pok%C3%A9mon)"},{"rdex":"#109","ndex":"#443","name":"Gible","type_1":"Dragon","type_2":"Ground","category":"Normal Form Double Type","pokemon_wiki_url":"bulbapedia.bulbagarden.net\/wiki\/Gible_(Pok%C3%A9mon)"},{"rdex":"#110","ndex":"#444","name":"Gabite","type_1":"Dragon","type_2":"Ground","category":"Normal Form Double Type","pokemon_wiki_url":"bulbapedia.bulbagarden.net\/wiki\/Gabite_(Pok%C3%A9mon)"},{"rdex":"#111","ndex":"#445","name":"Garchomp","type_1":"Dragon","type_2":"Ground","category":"Normal Form Double Type","pokemon_wiki_url":"bulbapedia.bulbagarden.net\/wiki\/Garchomp_(Pok%C3%A9mon)"},{"rdex":"#112","ndex":"#446","name":"Munchlax","type_1":"Normal","type_2":"","category":"Normal Form Single Type","pokemon_wiki_url":"bulbapedia.bulbagarden.net\/wiki\/Munchlax_(Pok%C3%A9mon)"},{"rdex":"#115","ndex":"#447","name":"Riolu","type_1":"Fighting","type_2":"","category":"Normal Form Single Type","pokemon_wiki_url":"bulbapedia.bulbagarden.net\/wiki\/Riolu_(Pok%C3%A9mon)"},{"rdex":"#116","ndex":"#448","name":"Lucario","type_1":"Fighting","type_2":"Steel","category":"Normal Form Double Type","pokemon_wiki_url":"bulbapedia.bulbagarden.net\/wiki\/Lucario_(Pok%C3%A9mon)"},{"rdex":"#122","ndex":"#449","name":"Hippopotas","type_1":"Ground","type_2":"","category":"Normal Form Single Type","pokemon_wiki_url":"bulbapedia.bulbagarden.net\/wiki\/Hippopotas_(Pok%C3%A9mon)"},{"rdex":"#123","ndex":"#450","name":"Hippowdon","type_1":"Ground","type_2":"","category":"Normal Form Single Type","pokemon_wiki_url":"bulbapedia.bulbagarden.net\/wiki\/Hippowdon_(Pok%C3%A9mon)"},{"rdex":"#127","ndex":"#451","name":"Skorupi","type_1":"Poison","type_2":"Bug","category":"Normal Form Double Type","pokemon_wiki_url":"bulbapedia.bulbagarden.net\/wiki\/Skorupi_(Pok%C3%A9mon)"},{"rdex":"#128","ndex":"#452","name":"Drapion","type_1":"Poison","type_2":"Dark","category":"Normal Form Double Type","pokemon_wiki_url":"bulbapedia.bulbagarden.net\/wiki\/Drapion_(Pok%C3%A9mon)"},{"rdex":"#129","ndex":"#453","name":"Croagunk","type_1":"Poison","type_2":"Fighting","category":"Normal Form Double Type","pokemon_wiki_url":"bulbapedia.bulbagarden.net\/wiki\/Croagunk_(Pok%C3%A9mon)"},{"rdex":"#130","ndex":"#454","name":"Toxicroak","type_1":"Poison","type_2":"Fighting","category":"Normal Form Double Type","pokemon_wiki_url":"bulbapedia.bulbagarden.net\/wiki\/Toxicroak_(Pok%C3%A9mon)"},{"rdex":"#131","ndex":"#455","name":"Carnivine","type_1":"Grass","type_2":"","category":"Normal Form Single Type","pokemon_wiki_url":"bulbapedia.bulbagarden.net\/wiki\/Carnivine_(Pok%C3%A9mon)"},{"rdex":"#134","ndex":"#456","name":"Finneon","type_1":"Water","type_2":"","category":"Normal Form Single Type","pokemon_wiki_url":"bulbapedia.bulbagarden.net\/wiki\/Finneon_(Pok%C3%A9mon)"},{"rdex":"#135","ndex":"#457","name":"Lumineon","type_1":"Water","type_2":"","category":"Normal Form Single Type","pokemon_wiki_url":"bulbapedia.bulbagarden.net\/wiki\/Lumineon_(Pok%C3%A9mon)"},{"rdex":"#140","ndex":"#458","name":"Mantyke","type_1":"Water","type_2":"Flying","category":"Normal Form Double Type","pokemon_wiki_url":"bulbapedia.bulbagarden.net\/wiki\/Mantyke_(Pok%C3%A9mon)"},{"rdex":"#142","ndex":"#459","name":"Snover","type_1":"Grass","type_2":"Ice","category":"Normal Form Double Type","pokemon_wiki_url":"bulbapedia.bulbagarden.net\/wiki\/Snover_(Pok%C3%A9mon)"},{"rdex":"#143","ndex":"#460","name":"Abomasnow","type_1":"Grass","type_2":"Ice","category":"Normal Form Double Type","pokemon_wiki_url":"bulbapedia.bulbagarden.net\/wiki\/Abomasnow_(Pok%C3%A9mon)"},{"rdex":"#145","ndex":"#461","name":"Weavile","type_1":"Dark","type_2":"Ice","category":"Normal Form Double Type","pokemon_wiki_url":"bulbapedia.bulbagarden.net\/wiki\/Weavile_(Pok%C3%A9mon)"},{"rdex":"#180","ndex":"#462","name":"Magnezone","type_1":"Electric","type_2":"Steel","category":"Normal Form Double Type","pokemon_wiki_url":"bulbapedia.bulbagarden.net\/wiki\/Magnezone_(Pok%C3%A9mon)"},{"rdex":"#162","ndex":"#463","name":"Lickilicky","type_1":"Normal","type_2":"","category":"Normal Form Single Type","pokemon_wiki_url":"bulbapedia.bulbagarden.net\/wiki\/Lickilicky_(Pok%C3%A9mon)"},{"rdex":"#188","ndex":"#464","name":"Rhyperior","type_1":"Ground","type_2":"Rock","category":"Normal Form Double Type","pokemon_wiki_url":"bulbapedia.bulbagarden.net\/wiki\/Rhyperior_(Pok%C3%A9mon)"},{"rdex":"#182","ndex":"#465","name":"Tangrowth","type_1":"Grass","type_2":"","category":"Normal Form Single Type","pokemon_wiki_url":"bulbapedia.bulbagarden.net\/wiki\/Tangrowth_(Pok%C3%A9mon)"},{"rdex":"#199","ndex":"#466","name":"Electivire","type_1":"Electric","type_2":"","category":"Normal Form Single Type","pokemon_wiki_url":"bulbapedia.bulbagarden.net\/wiki\/Electivire_(Pok%C3%A9mon)"},{"rdex":"#202","ndex":"#467","name":"Magmortar","type_1":"Fire","type_2":"","category":"Normal Form Single Type","pokemon_wiki_url":"bulbapedia.bulbagarden.net\/wiki\/Magmortar_(Pok%C3%A9mon)"},{"rdex":"#175","ndex":"#468","name":"Togekiss","type_1":"Fairy","type_2":"Flying","category":"Normal Form Double Type","pokemon_wiki_url":"bulbapedia.bulbagarden.net\/wiki\/Togekiss_(Pok%C3%A9mon)"},{"rdex":"#184","ndex":"#469","name":"Yanmega","type_1":"Bug","type_2":"Flying","category":"Normal Form Double Type","pokemon_wiki_url":"bulbapedia.bulbagarden.net\/wiki\/Yanmega_(Pok%C3%A9mon)"},{"rdex":"#169","ndex":"#470","name":"Leafeon","type_1":"Grass","type_2":"","category":"Normal Form Single Type","pokemon_wiki_url":"bulbapedia.bulbagarden.net\/wiki\/Leafeon_(Pok%C3%A9mon)"},{"rdex":"#170","ndex":"#471","name":"Glaceon","type_1":"Ice","type_2":"","category":"Normal Form Single Type","pokemon_wiki_url":"bulbapedia.bulbagarden.net\/wiki\/Glaceon_(Pok%C3%A9mon)"},{"rdex":"#154","ndex":"#472","name":"Gliscor","type_1":"Ground","type_2":"Flying","category":"Normal Form Double Type","pokemon_wiki_url":"bulbapedia.bulbagarden.net\/wiki\/Gliscor_(Pok%C3%A9mon)"},{"rdex":"#205","ndex":"#473","name":"Mamoswine","type_1":"Ice","type_2":"Ground","category":"Normal Form Double Type","pokemon_wiki_url":"bulbapedia.bulbagarden.net\/wiki\/Mamoswine_(Pok%C3%A9mon)"},{"rdex":"#194","ndex":"#474","name":"Porygon-Z","type_1":"Normal","type_2":"","category":"Normal Form Single Type","pokemon_wiki_url":"bulbapedia.bulbagarden.net\/wiki\/Porygon-Z_(Pok%C3%A9mon)"},{"rdex":"#160","ndex":"#475","name":"Gallade","type_1":"Psychic","type_2":"Fighting","category":"Normal Form Double Type","pokemon_wiki_url":"bulbapedia.bulbagarden.net\/wiki\/Gallade_(Pok%C3%A9mon)"},{"rdex":"#156","ndex":"#476","name":"Probopass","type_1":"Rock","type_2":"Steel","category":"Normal Form Double Type","pokemon_wiki_url":"bulbapedia.bulbagarden.net\/wiki\/Probopass_(Pok%C3%A9mon)"},{"rdex":"#191","ndex":"#477","name":"Dusknoir","type_1":"Ghost","type_2":"","category":"Normal Form Single Type","pokemon_wiki_url":"bulbapedia.bulbagarden.net\/wiki\/Dusknoir_(Pok%C3%A9mon)"},{"rdex":"#208","ndex":"#478","name":"Froslass","type_1":"Ice","type_2":"Ghost","category":"Normal Form Double Type","pokemon_wiki_url":"bulbapedia.bulbagarden.net\/wiki\/Froslass_(Pok%C3%A9mon)"},{"rdex":"#152","ndex":"#479","name":"Rotom","type_1":"Electric","type_2":"Ghost","category":"Normal Form Double Type","pokemon_wiki_url":"bulbapedia.bulbagarden.net\/wiki\/Rotom_(Pok%C3%A9mon)"},{"rdex":"#152","ndex":"#479","name":"Rotom","type_1":"Electric","type_2":"Fire","category":"Normal Form Double Type","pokemon_wiki_url":"bulbapedia.bulbagarden.net\/wiki\/Rotom_(Pok%C3%A9mon)"},{"rdex":"#152","ndex":"#479","name":"Rotom","type_1":"Electric","type_2":"Water","category":"Normal Form Double Type","pokemon_wiki_url":"bulbapedia.bulbagarden.net\/wiki\/Rotom_(Pok%C3%A9mon)"},{"rdex":"#152","ndex":"#479","name":"Rotom","type_1":"Electric","type_2":"Ice","category":"Normal Form Double Type","pokemon_wiki_url":"bulbapedia.bulbagarden.net\/wiki\/Rotom_(Pok%C3%A9mon)"},{"rdex":"#152","ndex":"#479","name":"Rotom","type_1":"Electric","type_2":"Flying","category":"Normal Form Double Type","pokemon_wiki_url":"bulbapedia.bulbagarden.net\/wiki\/Rotom_(Pok%C3%A9mon)"},{"rdex":"#152","ndex":"#479","name":"Rotom","type_1":"Electric","type_2":"Grass","category":"Normal Form Double Type","pokemon_wiki_url":"bulbapedia.bulbagarden.net\/wiki\/Rotom_(Pok%C3%A9mon)"},{"rdex":"#146","ndex":"#480","name":"Uxie","type_1":"Psychic","type_2":"","category":"Normal Form Single Type","pokemon_wiki_url":"bulbapedia.bulbagarden.net\/wiki\/Uxie_(Pok%C3%A9mon)"},{"rdex":"#147","ndex":"#481","name":"Mesprit","type_1":"Psychic","type_2":"","category":"Normal Form Single Type","pokemon_wiki_url":"bulbapedia.bulbagarden.net\/wiki\/Mesprit_(Pok%C3%A9mon)"},{"rdex":"#148","ndex":"#482","name":"Azelf","type_1":"Psychic","type_2":"","category":"Normal Form Single Type","pokemon_wiki_url":"bulbapedia.bulbagarden.net\/wiki\/Azelf_(Pok%C3%A9mon)"},{"rdex":"#149","ndex":"#483","name":"Dialga","type_1":"Steel","type_2":"Dragon","category":"Normal Form Double Type","pokemon_wiki_url":"bulbapedia.bulbagarden.net\/wiki\/Dialga_(Pok%C3%A9mon)"},{"rdex":"","ndex":"#483","name":"Dialga","type_1":"Steel","type_2":"Dragon","category":"Regional Form Double Type","pokemon_wiki_url":"bulbapedia.bulbagarden.net\/wiki\/Dialga_(Pok%C3%A9mon)"},{"rdex":"#150","ndex":"#484","name":"Palkia","type_1":"Water","type_2":"Dragon","category":"Normal Form Double Type","pokemon_wiki_url":"bulbapedia.bulbagarden.net\/wiki\/Palkia_(Pok%C3%A9mon)"},{"rdex":"","ndex":"#484","name":"Palkia","type_1":"Water","type_2":"Dragon","category":"Regional Form Double Type","pokemon_wiki_url":"bulbapedia.bulbagarden.net\/wiki\/Palkia_(Pok%C3%A9mon)"},{"rdex":"","ndex":"#485","name":"Heatran","type_1":"Fire","type_2":"Steel","category":"Regional Form Double Type","pokemon_wiki_url":"bulbapedia.bulbagarden.net\/wiki\/Heatran_(Pok%C3%A9mon)"},{"rdex":"","ndex":"#486","name":"Regigigas","type_1":"Normal","type_2":"","category":"Regional Form Single Type","pokemon_wiki_url":"bulbapedia.bulbagarden.net\/wiki\/Regigigas_(Pok%C3%A9mon)"},{"rdex":"#210","ndex":"#487","name":"Giratina","type_1":"Ghost","type_2":"Dragon","category":"Normal Form Double Type","pokemon_wiki_url":"bulbapedia.bulbagarden.net\/wiki\/Giratina_(Pok%C3%A9mon)"},{"rdex":"#210","ndex":"#487","name":"Giratina","type_1":"Ghost","type_2":"Dragon","category":"Normal Form Double Type","pokemon_wiki_url":"bulbapedia.bulbagarden.net\/wiki\/Giratina_(Pok%C3%A9mon)"},{"rdex":"","ndex":"#488","name":"Cresselia","type_1":"Psychic","type_2":"","category":"Regional Form Single Type","pokemon_wiki_url":"bulbapedia.bulbagarden.net\/wiki\/Cresselia_(Pok%C3%A9mon)"},{"rdex":"","ndex":"#489","name":"Phione","type_1":"Water","type_2":"","category":"Regional Form Single Type","pokemon_wiki_url":"bulbapedia.bulbagarden.net\/wiki\/Phione_(Pok%C3%A9mon)"},{"rdex":"#151","ndex":"#490","name":"Manaphy","type_1":"Water","type_2":"","category":"Normal Form Single Type","pokemon_wiki_url":"bulbapedia.bulbagarden.net\/wiki\/Manaphy_(Pok%C3%A9mon)"},{"rdex":"","ndex":"#491","name":"Darkrai","type_1":"Dark","type_2":"","category":"Regional Form Single Type","pokemon_wiki_url":"bulbapedia.bulbagarden.net\/wiki\/Darkrai_(Pok%C3%A9mon)"},{"rdex":"","ndex":"#492","name":"Shaymin","type_1":"Grass","type_2":"","category":"Regional Form Single Type","pokemon_wiki_url":"bulbapedia.bulbagarden.net\/wiki\/Shaymin_(Pok%C3%A9mon)"},{"rdex":"","ndex":"#492","name":"Shaymin","type_1":"Grass","type_2":"Flying","category":"Regional Form Double Type","pokemon_wiki_url":"bulbapedia.bulbagarden.net\/wiki\/Shaymin_(Pok%C3%A9mon)"},{"rdex":"","ndex":"#493","name":"Arceus","type_1":"Normal","type_2":"","category":"Regional Form Single Type","pokemon_wiki_url":"bulbapedia.bulbagarden.net\/wiki\/Arceus_(Pok%C3%A9mon)"}]