[{"rdex":"#001","ndex":"#810","name":"Grookey","type_1":"Grass","type_2":"","category":"Normal Form Single Type","pokemon_wiki_url":"bulbapedia.bulbagarden.net\/wiki\/Grookey_(Pok%C3%A9mon)"},{"rdex":"#002","ndex":"#811","name":"Thwackey","type_1":"Grass","type_2":"","category":"Normal Form Single Type","pokemon_wiki_url":"bulbapedia.bulbagarden.net\/wiki\/Thwackey_(Pok%C3%A9mon)"},{"rdex":"#003","ndex":"#812","name":"Rillaboom","type_1":"Grass","type_2":"","category":"Normal Form Single Type","pokemon_wiki_url":"bulbapedia.bulbagarden.net\/wiki\/Rillaboom_(Pok%C3%A9mon)"},{"rdex":"#004","ndex":"#813","name":"Scorbunny","type_1":"Fire","type_2":"","category":"Normal Form Single Type","pokemon_wiki_url":"bulbapedia.bulbagarden.net\/wiki\/Scorbunny_(Pok%C3%A9mon)"},{"rdex":"#005","ndex":"#814","name":"Raboot","type_1":"Fire","type_2":"","category":"Normal Form Single Type","pokemon_wiki_url":"bulbapedia.bulbagarden.net\/wiki\/Raboot_(Pok%C3%A9mon)"},{"rdex":"#006","ndex":"#815","name":"Cinderace","type_1":"Fire","type_2":"","category":"Normal Form Single Type","pokemon_wiki_url":"bulbapedia.bulbagarden.net\/wiki\/Cinderace_(Pok%C3%A9mon)"},{"rdex":"#007","ndex":"#816","name":"Sobble","type_1":"Water","type_2":"","category":"Normal Form Single Type","pokemon_wiki_url":"bulbapedia.bulbagarden.net\/wiki\/Sobble_(Pok%C3%A9mon)"},{"rdex":"#008","ndex":"#817","name":"Drizzile","type_1":"Water","type_2":"","category":"Normal Form Single Type","pokemon_wiki_url":"bulbapedia.bulbagarden.net\/wiki\/Drizzile_(Pok%C3%A9mon)"},{"rdex":"#009","ndex":"#818","name":"Inteleon","type_1":"Water","type_2":"","category":"Normal Form Single Type","pokemon_wiki_url":"bulbapedia.bulbagarden.net\/wiki\/Inteleon_(Pok%C3%A9mon)"},{"rdex":"#024","ndex":"#819","name":"Skwovet","type_1":"Normal","type_2":"","category":"Normal Form Single Type","pokemon_wiki_url":"bulbapedia.bulbagarden.net\/wiki\/Skwovet_(Pok%C3%A9mon)"},{"rdex":"#025","ndex":"#820","name":"Greedent","type_1":"Normal","type_2":"","category":"Normal Form Single Type","pokemon_wiki_url":"bulbapedia.bulbagarden.net\/wiki\/Greedent_(Pok%C3%A9mon)"},{"rdex":"#021","ndex":"#821","name":"Rookidee","type_1":"Flying","type_2":"","category":"Normal Form Single Type","pokemon_wiki_url":"bulbapedia.bulbagarden.net\/wiki\/Rookidee_(Pok%C3%A9mon)"},{"rdex":"#022","ndex":"#822","name":"Corvisquire","type_1":"Flying","type_2":"","category":"Normal Form Single Type","pokemon_wiki_url":"bulbapedia.bulbagarden.net\/wiki\/Corvisquire_(Pok%C3%A9mon)"},{"rdex":"#023","ndex":"#823","name":"Corviknight","type_1":"Flying","type_2":"Steel","category":"Normal Form Double Type","pokemon_wiki_url":"bulbapedia.bulbagarden.net\/wiki\/Corviknight_(Pok%C3%A9mon)"},{"rdex":"#010","ndex":"#824","name":"Blipbug","type_1":"Bug","type_2":"","category":"Normal Form Single Type","pokemon_wiki_url":"bulbapedia.bulbagarden.net\/wiki\/Blipbug_(Pok%C3%A9mon)"},{"rdex":"#011","ndex":"#825","name":"Dottler","type_1":"Bug","type_2":"Psychic","category":"Normal Form Double Type","pokemon_wiki_url":"bulbapedia.bulbagarden.net\/wiki\/Dottler_(Pok%C3%A9mon)"},{"rdex":"#012","ndex":"#826","name":"Orbeetle","type_1":"Bug","type_2":"Psychic","category":"Normal Form Double Type","pokemon_wiki_url":"bulbapedia.bulbagarden.net\/wiki\/Orbeetle_(Pok%C3%A9mon)"},{"rdex":"#029","ndex":"#827","name":"Nickit","type_1":"Dark","type_2":"","category":"Normal Form Single Type","pokemon_wiki_url":"bulbapedia.bulbagarden.net\/wiki\/Nickit_(Pok%C3%A9mon)"},{"rdex":"#030","ndex":"#828","name":"Thievul","type_1":"Dark","type_2":"","category":"Normal Form Single Type","pokemon_wiki_url":"bulbapedia.bulbagarden.net\/wiki\/Thievul_(Pok%C3%A9mon)"},{"rdex":"#126","ndex":"#829","name":"Gossifleur","type_1":"Grass","type_2":"","category":"Normal Form Single Type","pokemon_wiki_url":"bulbapedia.bulbagarden.net\/wiki\/Gossifleur_(Pok%C3%A9mon)"},{"rdex":"#127","ndex":"#830","name":"Eldegoss","type_1":"Grass","type_2":"","category":"Normal Form Single Type","pokemon_wiki_url":"bulbapedia.bulbagarden.net\/wiki\/Eldegoss_(Pok%C3%A9mon)"},{"rdex":"#034","ndex":"#831","name":"Wooloo","type_1":"Normal","type_2":"","category":"Normal Form Single Type","pokemon_wiki_url":"bulbapedia.bulbagarden.net\/wiki\/Wooloo_(Pok%C3%A9mon)"},{"rdex":"#035","ndex":"#832","name":"Dubwool","type_1":"Normal","type_2":"","category":"Normal Form Single Type","pokemon_wiki_url":"bulbapedia.bulbagarden.net\/wiki\/Dubwool_(Pok%C3%A9mon)"},{"rdex":"#042","ndex":"#833","name":"Chewtle","type_1":"Water","type_2":"","category":"Normal Form Single Type","pokemon_wiki_url":"bulbapedia.bulbagarden.net\/wiki\/Chewtle_(Pok%C3%A9mon)"},{"rdex":"#043","ndex":"#834","name":"Drednaw","type_1":"Water","type_2":"Rock","category":"Normal Form Double Type","pokemon_wiki_url":"bulbapedia.bulbagarden.net\/wiki\/Drednaw_(Pok%C3%A9mon)"},{"rdex":"#046","ndex":"#835","name":"Yamper","type_1":"Electric","type_2":"","category":"Normal Form Single Type","pokemon_wiki_url":"bulbapedia.bulbagarden.net\/wiki\/Yamper_(Pok%C3%A9mon)"},{"rdex":"#047","ndex":"#836","name":"Boltund","type_1":"Electric","type_2":"","category":"Normal Form Single Type","pokemon_wiki_url":"bulbapedia.bulbagarden.net\/wiki\/Boltund_(Pok%C3%A9mon)"},{"rdex":"#161","ndex":"#837","name":"Rolycoly","type_1":"Rock","type_2":"","category":"Normal Form Single Type","pokemon_wiki_url":"bulbapedia.bulbagarden.net\/wiki\/Rolycoly_(Pok%C3%A9mon)"},{"rdex":"#162","ndex":"#838","name":"Carkol","type_1":"Rock","type_2":"Fire","category":"Normal Form Double Type","pokemon_wiki_url":"bulbapedia.bulbagarden.net\/wiki\/Carkol_(Pok%C3%A9mon)"},{"rdex":"#163","ndex":"#839","name":"Coalossal","type_1":"Rock","type_2":"Fire","category":"Normal Form Double Type","pokemon_wiki_url":"bulbapedia.bulbagarden.net\/wiki\/Coalossal_(Pok%C3%A9mon)"},{"rdex":"#205","ndex":"#840","name":"Applin","type_1":"Grass","type_2":"Dragon","category":"Normal Form Double Type","pokemon_wiki_url":"bulbapedia.bulbagarden.net\/wiki\/Applin_(Pok%C3%A9mon)"},{"rdex":"#206","ndex":"#841","name":"Flapple","type_1":"Grass","type_2":"Dragon","category":"Normal Form Double Type","pokemon_wiki_url":"bulbapedia.bulbagarden.net\/wiki\/Flapple_(Pok%C3%A9mon)"},{"rdex":"#207","ndex":"#842","name":"Appletun","type_1":"Grass","type_2":"Dragon","category":"Normal Form Double Type","pokemon_wiki_url":"bulbapedia.bulbagarden.net\/wiki\/Appletun_(Pok%C3%A9mon)"},{"rdex":"#312","ndex":"#843","name":"Silicobra","type_1":"Ground","type_2":"","category":"Normal Form Single Type","pokemon_wiki_url":"bulbapedia.bulbagarden.net\/wiki\/Silicobra_(Pok%C3%A9mon)"},{"rdex":"#313","ndex":"#844","name":"Sandaconda","type_1":"Ground","type_2":"","category":"Normal Form Single Type","pokemon_wiki_url":"bulbapedia.bulbagarden.net\/wiki\/Sandaconda_(Pok%C3%A9mon)"},{"rdex":"#309","ndex":"#845","name":"Cramorant","type_1":"Flying","type_2":"Water","category":"Normal Form Double Type","pokemon_wiki_url":"bulbapedia.bulbagarden.net\/wiki\/Cramorant_(Pok%C3%A9mon)"},{"rdex":"#180","ndex":"#846","name":"Arrokuda","type_1":"Water","type_2":"","category":"Normal Form Single Type","pokemon_wiki_url":"bulbapedia.bulbagarden.net\/wiki\/Arrokuda_(Pok%C3%A9mon)"},{"rdex":"#181","ndex":"#847","name":"Barraskewda","type_1":"Water","type_2":"","category":"Normal Form Single Type","pokemon_wiki_url":"bulbapedia.bulbagarden.net\/wiki\/Barraskewda_(Pok%C3%A9mon)"},{"rdex":"#310","ndex":"#848","name":"Toxel","type_1":"Electric","type_2":"Poison","category":"Normal Form Double Type","pokemon_wiki_url":"bulbapedia.bulbagarden.net\/wiki\/Toxel_(Pok%C3%A9mon)"},{"rdex":"#311","ndex":"#849","name":"Toxtricity","type_1":"Electric","type_2":"Poison","category":"Normal Form Double Type","pokemon_wiki_url":"bulbapedia.bulbagarden.net\/wiki\/Toxtricity_(Pok%C3%A9mon)"},{"rdex":"#159","ndex":"#850","name":"Sizzlipede","type_1":"Fire","type_2":"Bug","category":"Normal Form Double Type","pokemon_wiki_url":"bulbapedia.bulbagarden.net\/wiki\/Sizzlipede_(Pok%C3%A9mon)"},{"rdex":"#160","ndex":"#851","name":"Centiskorch","type_1":"Fire","type_2":"Bug","category":"Normal Form Double Type","pokemon_wiki_url":"bulbapedia.bulbagarden.net\/wiki\/Centiskorch_(Pok%C3%A9mon)"},{"rdex":"#351","ndex":"#852","name":"Clobbopus","type_1":"Fighting","type_2":"","category":"Normal Form Single Type","pokemon_wiki_url":"bulbapedia.bulbagarden.net\/wiki\/Clobbopus_(Pok%C3%A9mon)"},{"rdex":"#352","ndex":"#853","name":"Grapploct","type_1":"Fighting","type_2":"","category":"Normal Form Single Type","pokemon_wiki_url":"bulbapedia.bulbagarden.net\/wiki\/Grapploct_(Pok%C3%A9mon)"},{"rdex":"#335","ndex":"#854","name":"Sinistea","type_1":"Ghost","type_2":"","category":"Normal Form Single Type","pokemon_wiki_url":"bulbapedia.bulbagarden.net\/wiki\/Sinistea_(Pok%C3%A9mon)"},{"rdex":"#336","ndex":"#855","name":"Polteageist","type_1":"Ghost","type_2":"","category":"Normal Form Single Type","pokemon_wiki_url":"bulbapedia.bulbagarden.net\/wiki\/Polteageist_(Pok%C3%A9mon)"},{"rdex":"#241","ndex":"#856","name":"Hatenna","type_1":"Psychic","type_2":"","category":"Normal Form Single Type","pokemon_wiki_url":"bulbapedia.bulbagarden.net\/wiki\/Hatenna_(Pok%C3%A9mon)"},{"rdex":"#242","ndex":"#857","name":"Hattrem","type_1":"Psychic","type_2":"","category":"Normal Form Single Type","pokemon_wiki_url":"bulbapedia.bulbagarden.net\/wiki\/Hattrem_(Pok%C3%A9mon)"},{"rdex":"#243","ndex":"#858","name":"Hatterene","type_1":"Psychic","type_2":"Fairy","category":"Normal Form Double Type","pokemon_wiki_url":"bulbapedia.bulbagarden.net\/wiki\/Hatterene_(Pok%C3%A9mon)"},{"rdex":"#238","ndex":"#859","name":"Impidimp","type_1":"Dark","type_2":"Fairy","category":"Normal Form Double Type","pokemon_wiki_url":"bulbapedia.bulbagarden.net\/wiki\/Impidimp_(Pok%C3%A9mon)"},{"rdex":"#239","ndex":"#860","name":"Morgrem","type_1":"Dark","type_2":"Fairy","category":"Normal Form Double Type","pokemon_wiki_url":"bulbapedia.bulbagarden.net\/wiki\/Morgrem_(Pok%C3%A9mon)"},{"rdex":"#240","ndex":"#861","name":"Grimmsnarl","type_1":"Dark","type_2":"Fairy","category":"Normal Form Double Type","pokemon_wiki_url":"bulbapedia.bulbagarden.net\/wiki\/Grimmsnarl_(Pok%C3%A9mon)"},{"rdex":"#033","ndex":"#862","name":"Obstagoon","type_1":"Dark","type_2":"Normal","category":"Normal Form Double Type","pokemon_wiki_url":"bulbapedia.bulbagarden.net\/wiki\/Obstagoon_(Pok%C3%A9mon)"},{"rdex":"#183","ndex":"#863","name":"Perrserker","type_1":"Steel","type_2":"","category":"Normal Form Single Type","pokemon_wiki_url":"bulbapedia.bulbagarden.net\/wiki\/Perrserker_(Pok%C3%A9mon)"},{"rdex":"#237","ndex":"#864","name":"Cursola","type_1":"Ghost","type_2":"","category":"Normal Form Single Type","pokemon_wiki_url":"bulbapedia.bulbagarden.net\/wiki\/Cursola_(Pok%C3%A9mon)"},{"rdex":"#219","ndex":"#865","name":"Sirfetch'd","type_1":"Fighting","type_2":"","category":"Normal Form Single Type","pokemon_wiki_url":"bulbapedia.bulbagarden.net\/wiki\/Sirfetch%27d_(Pok%C3%A9mon)"},{"rdex":"#366","ndex":"#866","name":"Mr. Rime","type_1":"Ice","type_2":"Psychic","category":"Normal Form Double Type","pokemon_wiki_url":"bulbapedia.bulbagarden.net\/wiki\/Mr._Rime_(Pok%C3%A9mon)"},{"rdex":"#328","ndex":"#867","name":"Runerigus","type_1":"Ground","type_2":"Ghost","category":"Normal Form Double Type","pokemon_wiki_url":"bulbapedia.bulbagarden.net\/wiki\/Runerigus_(Pok%C3%A9mon)"},{"rdex":"#185","ndex":"#868","name":"Milcery","type_1":"Fairy","type_2":"","category":"Normal Form Single Type","pokemon_wiki_url":"bulbapedia.bulbagarden.net\/wiki\/Milcery_(Pok%C3%A9mon)"},{"rdex":"#186","ndex":"#869","name":"Alcremie","type_1":"Fairy","type_2":"","category":"Normal Form Single Type","pokemon_wiki_url":"bulbapedia.bulbagarden.net\/wiki\/Alcremie_(Pok%C3%A9mon)"},{"rdex":"#345","ndex":"#870","name":"Falinks","type_1":"Fighting","type_2":"","category":"Normal Form Single Type","pokemon_wiki_url":"bulbapedia.bulbagarden.net\/wiki\/Falinks_(Pok%C3%A9mon)"},{"rdex":"#353","ndex":"#871","name":"Pincurchin","type_1":"Electric","type_2":"","category":"Normal Form Single Type","pokemon_wiki_url":"bulbapedia.bulbagarden.net\/wiki\/Pincurchin_(Pok%C3%A9mon)"},{"rdex":"#349","ndex":"#872","name":"Snom","type_1":"Ice","type_2":"Bug","category":"Normal Form Double Type","pokemon_wiki_url":"bulbapedia.bulbagarden.net\/wiki\/Snom_(Pok%C3%A9mon)"},{"rdex":"#350","ndex":"#873","name":"Frosmoth","type_1":"Ice","type_2":"Bug","category":"Normal Form Double Type","pokemon_wiki_url":"bulbapedia.bulbagarden.net\/wiki\/Frosmoth_(Pok%C3%A9mon)"},{"rdex":"#369","ndex":"#874","name":"Stonjourner","type_1":"Rock","type_2":"","category":"Normal Form Single Type","pokemon_wiki_url":"bulbapedia.bulbagarden.net\/wiki\/Stonjourner_(Pok%C3%A9mon)"},{"rdex":"#370","ndex":"#875","name":"Eiscue","type_1":"Ice","type_2":"","category":"Normal Form Single Type","pokemon_wiki_url":"bulbapedia.bulbagarden.net\/wiki\/Eiscue_(Pok%C3%A9mon)"},{"rdex":"#337","ndex":"#876","name":"Indeedee","type_1":"Psychic","type_2":"Normal","category":"Normal Form Double Type","pokemon_wiki_url":"bulbapedia.bulbagarden.net\/wiki\/Indeedee_(Pok%C3%A9mon)"},{"rdex":"#344","ndex":"#877","name":"Morpeko","type_1":"Electric","type_2":"Dark","category":"Normal Form Double Type","pokemon_wiki_url":"bulbapedia.bulbagarden.net\/wiki\/Morpeko_(Pok%C3%A9mon)"},{"rdex":"#302","ndex":"#878","name":"Cufant","type_1":"Steel","type_2":"","category":"Normal Form Single Type","pokemon_wiki_url":"bulbapedia.bulbagarden.net\/wiki\/Cufant_(Pok%C3%A9mon)"},{"rdex":"#303","ndex":"#879","name":"Copperajah","type_1":"Steel","type_2":"","category":"Normal Form Single Type","pokemon_wiki_url":"bulbapedia.bulbagarden.net\/wiki\/Copperajah_(Pok%C3%A9mon)"},{"rdex":"#374","ndex":"#880","name":"Dracozolt","type_1":"Electric","type_2":"Dragon","category":"Normal Form Double Type","pokemon_wiki_url":"bulbapedia.bulbagarden.net\/wiki\/Dracozolt_(Pok%C3%A9mon)"},{"rdex":"#375","ndex":"#881","name":"Arctozolt","type_1":"Electric","type_2":"Ice","category":"Normal Form Double Type","pokemon_wiki_url":"bulbapedia.bulbagarden.net\/wiki\/Arctozolt_(Pok%C3%A9mon)"},{"rdex":"#376","ndex":"#882","name":"Dracovish","type_1":"Water","type_2":"Dragon","category":"Normal Form Double Type","pokemon_wiki_url":"bulbapedia.bulbagarden.net\/wiki\/Dracovish_(Pok%C3%A9mon)"},{"rdex":"#377","ndex":"#883","name":"Arctovish","type_1":"Water","type_2":"Ice","category":"Normal Form Double Type","pokemon_wiki_url":"bulbapedia.bulbagarden.net\/wiki\/Arctovish_(Pok%C3%A9mon)"},{"rdex":"#371","ndex":"#884","name":"Duraludon","type_1":"Steel","type_2":"Dragon","category":"Normal Form Double Type","pokemon_wiki_url":"bulbapedia.bulbagarden.net\/wiki\/Duraludon_(Pok%C3%A9mon)"},{"rdex":"#395","ndex":"#885","name":"Dreepy","type_1":"Dragon","type_2":"Ghost","category":"Normal Form Double Type","pokemon_wiki_url":"bulbapedia.bulbagarden.net\/wiki\/Dreepy_(Pok%C3%A9mon)"},{"rdex":"#396","ndex":"#886","name":"Drakloak","type_1":"Dragon","type_2":"Ghost","category":"Normal Form Double Type","pokemon_wiki_url":"bulbapedia.bulbagarden.net\/wiki\/Drakloak_(Pok%C3%A9mon)"},{"rdex":"#397","ndex":"#887","name":"Dragapult","type_1":"Dragon","type_2":"Ghost","category":"Normal Form Double Type","pokemon_wiki_url":"bulbapedia.bulbagarden.net\/wiki\/Dragapult_(Pok%C3%A9mon)"},{"rdex":"#398","ndex":"#888","name":"Zacian","type_1":"Fairy","type_2":"","category":"Normal Form Single Type","pokemon_wiki_url":"bulbapedia.bulbagarden.net\/wiki\/Zacian_(Pok%C3%A9mon)"},{"rdex":"#398","ndex":"#888","name":"Zacian","type_1":"Fairy","type_2":"Steel","category":"Normal Form Double Type","pokemon_wiki_url":"bulbapedia.bulbagarden.net\/wiki\/Zacian_(Pok%C3%A9mon)"},{"rdex":"#399","ndex":"#889","name":"Zamazenta","type_1":"Fighting","type_2":"","category":"Normal Form Single Type","pokemon_wiki_url":"bulbapedia.bulbagarden.net\/wiki\/Zamazenta_(Pok%C3%A9mon)"},{"rdex":"#399","ndex":"#889","name":"Zamazenta","type_1":"Fighting","type_2":"Steel","category":"Normal Form Double Type","pokemon_wiki_url":"bulbapedia.bulbagarden.net\/wiki\/Zamazenta_(Pok%C3%A9mon)"},{"rdex":"#400","ndex":"#890","name":"Eternatus","type_1":"Poison","type_2":"Dragon","category":"Normal Form Double Type","pokemon_wiki_url":"bulbapedia.bulbagarden.net\/wiki\/Eternatus_(Pok%C3%A9mon)"},{"rdex":"#---","ndex":"#891","name":"Kubfu","type_1":"Fighting","type_2":"","category":"Normal Form Single Type","pokemon_wiki_url":"bulbapedia.bulbagarden.net\/wiki\/Kubfu_(Pok%C3%A9mon)"},{"rdex":"#---","ndex":"#892","name":"Urshifu","type_1":"Fighting","type_2":"Dark","category":"Normal Form Double Type","pokemon_wiki_url":"bulbapedia.bulbagarden.net\/wiki\/Urshifu_(Pok%C3%A9mon)"},{"rdex":"#---","ndex":"#892","name":"Urshifu","type_1":"Fighting","type_2":"Water","category":"Normal Form Double Type","pokemon_wiki_url":"bulbapedia.bulbagarden.net\/wiki\/Urshifu_(Pok%C3%A9mon)"},{"rdex":"#---","ndex":"#893","name":"Zarude","type_1":"Dark","type_2":"Grass","category":"Normal Form Double Type","pokemon_wiki_url":"bulbapedia.bulbagarden.net\/wiki\/Zarude_(Pok%C3%A9mon)"},{"rdex":"#---","ndex":"#894","name":"Regieleki","type_1":"Electric","type_2":"","category":"Normal Form Single Type","pokemon_wiki_url":"bulbapedia.bulbagarden.net\/wiki\/Regieleki_(Pok%C3%A9mon)"},{"rdex":"#---","ndex":"#895","name":"Regidrago","type_1":"Dragon","type_2":"","category":"Normal Form Single Type","pokemon_wiki_url":"bulbapedia.bulbagarden.net\/wiki\/Regidrago_(Pok%C3%A9mon)"},{"rdex":"#---","ndex":"#896","name":"Glastrier","type_1":"Ice","type_2":"","category":"Normal Form Single Type","pokemon_wiki_url":"bulbapedia.bulbagarden.net\/wiki\/Glastrier_(Pok%C3%A9mon)"},{"rdex":"#---","ndex":"#897","name":"Spectrier","type_1":"Ghost","type_2":"","category":"Normal Form Single Type","pokemon_wiki_url":"bulbapedia.bulbagarden.net\/wiki\/Spectrier_(Pok%C3%A9mon)"},{"rdex":"#---","ndex":"#898","name":"Calyrex","type_1":"Psychic","type_2":"Grass","category":"Normal Form Double Type","pokemon_wiki_url":"bulbapedia.bulbagarden.net\/wiki\/Calyrex_(Pok%C3%A9mon)"},{"rdex":"#---","ndex":"#898","name":"Calyrex","type_1":"Psychic","type_2":"Ice","category":"Normal Form Double Type","pokemon_wiki_url":"bulbapedia.bulbagarden.net\/wiki\/Calyrex_(Pok%C3%A9mon)"},{"rdex":"#---","ndex":"#898","name":"Calyrex","type_1":"Psychic","type_2":"Ghost","category":"Normal Form Double Type","pokemon_wiki_url":"bulbapedia.bulbagarden.net\/wiki\/Calyrex_(Pok%C3%A9mon)"},{"rdex":"#---","ndex":"#899","name":"Wyrdeer","type_1":"Normal","type_2":"Psychic","category":"Normal Form Double Type","pokemon_wiki_url":"bulbapedia.bulbagarden.net\/wiki\/Wyrdeer_(Pok%C3%A9mon)"},{"rdex":"#---","ndex":"#900","name":"Kleavor","type_1":"Bug","type_2":"Rock","category":"Normal Form Double Type","pokemon_wiki_url":"bulbapedia.bulbagarden.net\/wiki\/Kleavor_(Pok%C3%A9mon)"},{"rdex":"#---","ndex":"#901","name":"Ursaluna","type_1":"Ground","type_2":"Normal","category":"Normal Form Double Type","pokemon_wiki_url":"bulbapedia.bulbagarden.net\/wiki\/Ursaluna_(Pok%C3%A9mon)"},{"rdex":"#---","ndex":"#902","name":"Basculegion","type_1":"Water","type_2":"Ghost","category":"Normal Form Double Type","pokemon_wiki_url":"bulbapedia.bulbagarden.net\/wiki\/Basculegion_(Pok%C3%A9mon)"},{"rdex":"#---","ndex":"#903","name":"Sneasler","type_1":"Fighting","type_2":"Poison","category":"Normal Form Double Type","pokemon_wiki_url":"bulbapedia.bulbagarden.net\/wiki\/Sneasler_(Pok%C3%A9mon)"},{"rdex":"#---","ndex":"#904","name":"Overqwil","type_1":"Dark","type_2":"Poison","category":"Normal Form Double Type","pokemon_wiki_url":"bulbapedia.bulbagarden.net\/wiki\/Overqwil_(Pok%C3%A9mon)"},{"rdex":"#---","ndex":"#905","name":"Enamorus","type_1":"Fairy","type_2":"Flying","category":"Normal Form Double Type","pokemon_wiki_url":"bulbapedia.bulbagarden.net\/wiki\/Enamorus_(Pok%C3%A9mon)"}]