[{"rdex":"#001","ndex":"#001","name":"Bulbasaur","type_1":"Grass","type_2":"Poison","category":"Normal Form Double Type","pokemon_wiki_url":"bulbapedia.bulbagarden.net\/wiki\/Bulbasaur_(Pok%C3%A9mon)"},{"rdex":"#002","ndex":"#002","name":"Ivysaur","type_1":"Grass","type_2":"Poison","category":"Normal Form Double Type","pokemon_wiki_url":"bulbapedia.bulbagarden.net\/wiki\/Ivysaur_(Pok%C3%A9mon)"},{"rdex":"#003","ndex":"#003","name":"Venusaur","type_1":"Grass","type_2":"Poison","category":"Normal Form Double Type","pokemon_wiki_url":"bulbapedia.bulbagarden.net\/wiki\/Venusaur_(Pok%C3%A9mon)"},{"rdex":"#004","ndex":"#004","name":"Charmander","type_1":"Fire","type_2":"","category":"Normal Form Single Type","pokemon_wiki_url":"bulbapedia.bulbagarden.net\/wiki\/Charmander_(Pok%C3%A9mon)"},{"rdex":"#005","ndex":"#005","name":"Charmeleon","type_1":"Fire","type_2":"","category":"Normal Form Single Type","pokemon_wiki_url":"bulbapedia.bulbagarden.net\/wiki\/Charmeleon_(Pok%C3%A9mon)"},{"rdex":"#006","ndex":"#006","name":"Charizard","type_1":"Fire","type_2":"Flying","category":"Normal Form Double Type","pokemon_wiki_url":"bulbapedia.bulbagarden.net\/wiki\/Charizard_(Pok%C3%A9mon)"},{"rdex":"#007","ndex":"#007","name":"Squirtle","type_1":"Water","type_2":"","category":"Normal Form Single Type","pokemon_wiki_url":"bulbapedia.bulbagarden.net\/wiki\/Squirtle_(Pok%C3%A9mon)"},{"rdex":"#008","ndex":"#008","name":"Wartortle","type_1":"Water","type_2":"","category":"Normal Form Single Type","pokemon_wiki_url":"bulbapedia.bulbagarden.net\/wiki\/Wartortle_(Pok%C3%A9mon)"},{"rdex":"#009","ndex":"#009","name":"Blastoise","type_1":"Water","type_2":"","category":"Normal Form Single Type","pokemon_wiki_url":"bulbapedia.bulbagarden.net\/wiki\/Blastoise_(Pok%C3%A9mon)"},{"rdex":"#010","ndex":"#010","name":"Caterpie","type_1":"Bug","type_2":"","category":"Normal Form Single Type","pokemon_wiki_url":"bulbapedia.bulbagarden.net\/wiki\/Caterpie_(Pok%C3%A9mon)"},{"rdex":"#011","ndex":"#011","name":"Metapod","type_1":"Bug","type_2":"","category":"Normal Form Single Type","pokemon_wiki_url":"bulbapedia.bulbagarden.net\/wiki\/Metapod_(Pok%C3%A9mon)"},{"rdex":"#012","ndex":"#012","name":"Butterfree","type_1":"Bug","type_2":"Flying","category":"Normal Form Double Type","pokemon_wiki_url":"bulbapedia.bulbagarden.net\/wiki\/Butterfree_(Pok%C3%A9mon)"},{"rdex":"#013","ndex":"#013","name":"Weedle","type_1":"Bug","type_2":"Poison","category":"Normal Form Double Type","pokemon_wiki_url":"bulbapedia.bulbagarden.net\/wiki\/Weedle_(Pok%C3%A9mon)"},{"rdex":"#014","ndex":"#014","name":"Kakuna","type_1":"Bug","type_2":"Poison","category":"Normal Form Double Type","pokemon_wiki_url":"bulbapedia.bulbagarden.net\/wiki\/Kakuna_(Pok%C3%A9mon)"},{"rdex":"#015","ndex":"#015","name":"Beedrill","type_1":"Bug","type_2":"Poison","category":"Normal Form Double Type","pokemon_wiki_url":"bulbapedia.bulbagarden.net\/wiki\/Beedrill_(Pok%C3%A9mon)"},{"rdex":"#016","ndex":"#016","name":"Pidgey","type_1":"Normal","type_2":"Flying","category":"Normal Form Double Type","pokemon_wiki_url":"bulbapedia.bulbagarden.net\/wiki\/Pidgey_(Pok%C3%A9mon)"},{"rdex":"#017","ndex":"#017","name":"Pidgeotto","type_1":"Normal","type_2":"Flying","category":"Normal Form Double Type","pokemon_wiki_url":"bulbapedia.bulbagarden.net\/wiki\/Pidgeotto_(Pok%C3%A9mon)"},{"rdex":"#018","ndex":"#018","name":"Pidgeot","type_1":"Normal","type_2":"Flying","category":"Normal Form Double Type","pokemon_wiki_url":"bulbapedia.bulbagarden.net\/wiki\/Pidgeot_(Pok%C3%A9mon)"},{"rdex":"#019","ndex":"#019","name":"Rattata","type_1":"Normal","type_2":"","category":"Normal Form Single Type","pokemon_wiki_url":"bulbapedia.bulbagarden.net\/wiki\/Rattata_(Pok%C3%A9mon)"},{"rdex":"","ndex":"#019","name":"Rattata","type_1":"Dark","type_2":"Normal","category":"Regional Form Double Type","pokemon_wiki_url":"bulbapedia.bulbagarden.net\/wiki\/Rattata_(Pok%C3%A9mon)"},{"rdex":"#020","ndex":"#020","name":"Raticate","type_1":"Normal","type_2":"","category":"Normal Form Single Type","pokemon_wiki_url":"bulbapedia.bulbagarden.net\/wiki\/Raticate_(Pok%C3%A9mon)"},{"rdex":"","ndex":"#020","name":"Raticate","type_1":"Dark","type_2":"Normal","category":"Regional Form Double Type","pokemon_wiki_url":"bulbapedia.bulbagarden.net\/wiki\/Raticate_(Pok%C3%A9mon)"},{"rdex":"#021","ndex":"#021","name":"Spearow","type_1":"Normal","type_2":"Flying","category":"Normal Form Double Type","pokemon_wiki_url":"bulbapedia.bulbagarden.net\/wiki\/Spearow_(Pok%C3%A9mon)"},{"rdex":"#022","ndex":"#022","name":"Fearow","type_1":"Normal","type_2":"Flying","category":"Normal Form Double Type","pokemon_wiki_url":"bulbapedia.bulbagarden.net\/wiki\/Fearow_(Pok%C3%A9mon)"},{"rdex":"#023","ndex":"#023","name":"Ekans","type_1":"Poison","type_2":"","category":"Normal Form Single Type","pokemon_wiki_url":"bulbapedia.bulbagarden.net\/wiki\/Ekans_(Pok%C3%A9mon)"},{"rdex":"#024","ndex":"#024","name":"Arbok","type_1":"Poison","type_2":"","category":"Normal Form Single Type","pokemon_wiki_url":"bulbapedia.bulbagarden.net\/wiki\/Arbok_(Pok%C3%A9mon)"},{"rdex":"#025","ndex":"#025","name":"Pikachu","type_1":"Electric","type_2":"","category":"Normal Form Single Type","pokemon_wiki_url":"bulbapedia.bulbagarden.net\/wiki\/Pikachu_(Pok%C3%A9mon)"},{"rdex":"#026","ndex":"#026","name":"Raichu","type_1":"Electric","type_2":"","category":"Normal Form Single Type","pokemon_wiki_url":"bulbapedia.bulbagarden.net\/wiki\/Raichu_(Pok%C3%A9mon)"},{"rdex":"","ndex":"#026","name":"Raichu","type_1":"Electric","type_2":"Psychic","category":"Regional Form Double Type","pokemon_wiki_url":"bulbapedia.bulbagarden.net\/wiki\/Raichu_(Pok%C3%A9mon)"},{"rdex":"#027","ndex":"#027","name":"Sandshrew","type_1":"Ground","type_2":"","category":"Normal Form Single Type","pokemon_wiki_url":"bulbapedia.bulbagarden.net\/wiki\/Sandshrew_(Pok%C3%A9mon)"},{"rdex":"","ndex":"#027","name":"Sandshrew","type_1":"Ice","type_2":"Steel","category":"Regional Form Double Type","pokemon_wiki_url":"bulbapedia.bulbagarden.net\/wiki\/Sandshrew_(Pok%C3%A9mon)"},{"rdex":"#028","ndex":"#028","name":"Sandslash","type_1":"Ground","type_2":"","category":"Normal Form Single Type","pokemon_wiki_url":"bulbapedia.bulbagarden.net\/wiki\/Sandslash_(Pok%C3%A9mon)"},{"rdex":"","ndex":"#028","name":"Sandslash","type_1":"Ice","type_2":"Steel","category":"Regional Form Double Type","pokemon_wiki_url":"bulbapedia.bulbagarden.net\/wiki\/Sandslash_(Pok%C3%A9mon)"},{"rdex":"#029","ndex":"#029","name":"Nidoran\u2640","type_1":"Poison","type_2":"","category":"Normal Form Single Type","pokemon_wiki_url":"bulbapedia.bulbagarden.net\/wiki\/Nidoran%E2%99%80_(Pok%C3%A9mon)"},{"rdex":"#030","ndex":"#030","name":"Nidorina","type_1":"Poison","type_2":"","category":"Normal Form Single Type","pokemon_wiki_url":"bulbapedia.bulbagarden.net\/wiki\/Nidorina_(Pok%C3%A9mon)"},{"rdex":"#031","ndex":"#031","name":"Nidoqueen","type_1":"Poison","type_2":"Ground","category":"Normal Form Double Type","pokemon_wiki_url":"bulbapedia.bulbagarden.net\/wiki\/Nidoqueen_(Pok%C3%A9mon)"},{"rdex":"#032","ndex":"#032","name":"Nidoran\u2642","type_1":"Poison","type_2":"","category":"Normal Form Single Type","pokemon_wiki_url":"bulbapedia.bulbagarden.net\/wiki\/Nidoran%E2%99%82_(Pok%C3%A9mon)"},{"rdex":"#033","ndex":"#033","name":"Nidorino","type_1":"Poison","type_2":"","category":"Normal Form Single Type","pokemon_wiki_url":"bulbapedia.bulbagarden.net\/wiki\/Nidorino_(Pok%C3%A9mon)"},{"rdex":"#034","ndex":"#034","name":"Nidoking","type_1":"Poison","type_2":"Ground","category":"Normal Form Double Type","pokemon_wiki_url":"bulbapedia.bulbagarden.net\/wiki\/Nidoking_(Pok%C3%A9mon)"},{"rdex":"#035","ndex":"#035","name":"Clefairy","type_1":"Fairy","type_2":"","category":"Normal Form Single Type","pokemon_wiki_url":"bulbapedia.bulbagarden.net\/wiki\/Clefairy_(Pok%C3%A9mon)"},{"rdex":"#036","ndex":"#036","name":"Clefable","type_1":"Fairy","type_2":"","category":"Normal Form Single Type","pokemon_wiki_url":"bulbapedia.bulbagarden.net\/wiki\/Clefable_(Pok%C3%A9mon)"},{"rdex":"#037","ndex":"#037","name":"Vulpix","type_1":"Fire","type_2":"","category":"Normal Form Single Type","pokemon_wiki_url":"bulbapedia.bulbagarden.net\/wiki\/Vulpix_(Pok%C3%A9mon)"},{"rdex":"","ndex":"#037","name":"Vulpix","type_1":"Ice","type_2":"","category":"Regional Form Single Type","pokemon_wiki_url":"bulbapedia.bulbagarden.net\/wiki\/Vulpix_(Pok%C3%A9mon)"},{"rdex":"#038","ndex":"#038","name":"Ninetales","type_1":"Fire","type_2":"","category":"Normal Form Single Type","pokemon_wiki_url":"bulbapedia.bulbagarden.net\/wiki\/Ninetales_(Pok%C3%A9mon)"},{"rdex":"","ndex":"#038","name":"Ninetales","type_1":"Ice","type_2":"Fairy","category":"Regional Form Double Type","pokemon_wiki_url":"bulbapedia.bulbagarden.net\/wiki\/Ninetales_(Pok%C3%A9mon)"},{"rdex":"#039","ndex":"#039","name":"Jigglypuff","type_1":"Normal","type_2":"Fairy","category":"Normal Form Double Type","pokemon_wiki_url":"bulbapedia.bulbagarden.net\/wiki\/Jigglypuff_(Pok%C3%A9mon)"},{"rdex":"#040","ndex":"#040","name":"Wigglytuff","type_1":"Normal","type_2":"Fairy","category":"Normal Form Double Type","pokemon_wiki_url":"bulbapedia.bulbagarden.net\/wiki\/Wigglytuff_(Pok%C3%A9mon)"},{"rdex":"#041","ndex":"#041","name":"Zubat","type_1":"Poison","type_2":"Flying","category":"Normal Form Double Type","pokemon_wiki_url":"bulbapedia.bulbagarden.net\/wiki\/Zubat_(Pok%C3%A9mon)"},{"rdex":"#042","ndex":"#042","name":"Golbat","type_1":"Poison","type_2":"Flying","category":"Normal Form Double Type","pokemon_wiki_url":"bulbapedia.bulbagarden.net\/wiki\/Golbat_(Pok%C3%A9mon)"},{"rdex":"#043","ndex":"#043","name":"Oddish","type_1":"Grass","type_2":"Poison","category":"Normal Form Double Type","pokemon_wiki_url":"bulbapedia.bulbagarden.net\/wiki\/Oddish_(Pok%C3%A9mon)"},{"rdex":"#044","ndex":"#044","name":"Gloom","type_1":"Grass","type_2":"Poison","category":"Normal Form Double Type","pokemon_wiki_url":"bulbapedia.bulbagarden.net\/wiki\/Gloom_(Pok%C3%A9mon)"},{"rdex":"#045","ndex":"#045","name":"Vileplume","type_1":"Grass","type_2":"Poison","category":"Normal Form Double Type","pokemon_wiki_url":"bulbapedia.bulbagarden.net\/wiki\/Vileplume_(Pok%C3%A9mon)"},{"rdex":"#046","ndex":"#046","name":"Paras","type_1":"Bug","type_2":"Grass","category":"Normal Form Double Type","pokemon_wiki_url":"bulbapedia.bulbagarden.net\/wiki\/Paras_(Pok%C3%A9mon)"},{"rdex":"#047","ndex":"#047","name":"Parasect","type_1":"Bug","type_2":"Grass","category":"Normal Form Double Type","pokemon_wiki_url":"bulbapedia.bulbagarden.net\/wiki\/Parasect_(Pok%C3%A9mon)"},{"rdex":"#048","ndex":"#048","name":"Venonat","type_1":"Bug","type_2":"Poison","category":"Normal Form Double Type","pokemon_wiki_url":"bulbapedia.bulbagarden.net\/wiki\/Venonat_(Pok%C3%A9mon)"},{"rdex":"#049","ndex":"#049","name":"Venomoth","type_1":"Bug","type_2":"Poison","category":"Normal Form Double Type","pokemon_wiki_url":"bulbapedia.bulbagarden.net\/wiki\/Venomoth_(Pok%C3%A9mon)"},{"rdex":"#050","ndex":"#050","name":"Diglett","type_1":"Ground","type_2":"","category":"Normal Form Single Type","pokemon_wiki_url":"bulbapedia.bulbagarden.net\/wiki\/Diglett_(Pok%C3%A9mon)"},{"rdex":"","ndex":"#050","name":"Diglett","type_1":"Ground","type_2":"Steel","category":"Regional Form Double Type","pokemon_wiki_url":"bulbapedia.bulbagarden.net\/wiki\/Diglett_(Pok%C3%A9mon)"},{"rdex":"#051","ndex":"#051","name":"Dugtrio","type_1":"Ground","type_2":"","category":"Normal Form Single Type","pokemon_wiki_url":"bulbapedia.bulbagarden.net\/wiki\/Dugtrio_(Pok%C3%A9mon)"},{"rdex":"","ndex":"#051","name":"Dugtrio","type_1":"Ground","type_2":"Steel","category":"Regional Form Double Type","pokemon_wiki_url":"bulbapedia.bulbagarden.net\/wiki\/Dugtrio_(Pok%C3%A9mon)"},{"rdex":"#052","ndex":"#052","name":"Meowth","type_1":"Normal","type_2":"","category":"Normal Form Single Type","pokemon_wiki_url":"bulbapedia.bulbagarden.net\/wiki\/Meowth_(Pok%C3%A9mon)"},{"rdex":"","ndex":"#052","name":"Meowth","type_1":"Dark","type_2":"","category":"Regional Form Single Type","pokemon_wiki_url":"bulbapedia.bulbagarden.net\/wiki\/Meowth_(Pok%C3%A9mon)"},{"rdex":"","ndex":"#052","name":"Meowth","type_1":"Steel","type_2":"","category":"Regional Form Single Type","pokemon_wiki_url":"bulbapedia.bulbagarden.net\/wiki\/Meowth_(Pok%C3%A9mon)"},{"rdex":"#053","ndex":"#053","name":"Persian","type_1":"Normal","type_2":"","category":"Normal Form Single Type","pokemon_wiki_url":"bulbapedia.bulbagarden.net\/wiki\/Persian_(Pok%C3%A9mon)"},{"rdex":"","ndex":"#053","name":"Persian","type_1":"Dark","type_2":"","category":"Regional Form Single Type","pokemon_wiki_url":"bulbapedia.bulbagarden.net\/wiki\/Persian_(Pok%C3%A9mon)"},{"rdex":"#054","ndex":"#054","name":"Psyduck","type_1":"Water","type_2":"","category":"Normal Form Single Type","pokemon_wiki_url":"bulbapedia.bulbagarden.net\/wiki\/Psyduck_(Pok%C3%A9mon)"},{"rdex":"#055","ndex":"#055","name":"Golduck","type_1":"Water","type_2":"","category":"Normal Form Single Type","pokemon_wiki_url":"bulbapedia.bulbagarden.net\/wiki\/Golduck_(Pok%C3%A9mon)"},{"rdex":"#056","ndex":"#056","name":"Mankey","type_1":"Fighting","type_2":"","category":"Normal Form Single Type","pokemon_wiki_url":"bulbapedia.bulbagarden.net\/wiki\/Mankey_(Pok%C3%A9mon)"},{"rdex":"#057","ndex":"#057","name":"Primeape","type_1":"Fighting","type_2":"","category":"Normal Form Single Type","pokemon_wiki_url":"bulbapedia.bulbagarden.net\/wiki\/Primeape_(Pok%C3%A9mon)"},{"rdex":"#058","ndex":"#058","name":"Growlithe","type_1":"Fire","type_2":"","category":"Normal Form Single Type","pokemon_wiki_url":"bulbapedia.bulbagarden.net\/wiki\/Growlithe_(Pok%C3%A9mon)"},{"rdex":"","ndex":"#058","name":"Growlithe","type_1":"Fire","type_2":"Rock","category":"Regional Form Double Type","pokemon_wiki_url":"bulbapedia.bulbagarden.net\/wiki\/Growlithe_(Pok%C3%A9mon)"},{"rdex":"#059","ndex":"#059","name":"Arcanine","type_1":"Fire","type_2":"","category":"Normal Form Single Type","pokemon_wiki_url":"bulbapedia.bulbagarden.net\/wiki\/Arcanine_(Pok%C3%A9mon)"},{"rdex":"","ndex":"#059","name":"Arcanine","type_1":"Fire","type_2":"Rock","category":"Regional Form Double Type","pokemon_wiki_url":"bulbapedia.bulbagarden.net\/wiki\/Arcanine_(Pok%C3%A9mon)"},{"rdex":"#060","ndex":"#060","name":"Poliwag","type_1":"Water","type_2":"","category":"Normal Form Single Type","pokemon_wiki_url":"bulbapedia.bulbagarden.net\/wiki\/Poliwag_(Pok%C3%A9mon)"},{"rdex":"#061","ndex":"#061","name":"Poliwhirl","type_1":"Water","type_2":"","category":"Normal Form Single Type","pokemon_wiki_url":"bulbapedia.bulbagarden.net\/wiki\/Poliwhirl_(Pok%C3%A9mon)"},{"rdex":"#062","ndex":"#062","name":"Poliwrath","type_1":"Water","type_2":"Fighting","category":"Normal Form Double Type","pokemon_wiki_url":"bulbapedia.bulbagarden.net\/wiki\/Poliwrath_(Pok%C3%A9mon)"},{"rdex":"#063","ndex":"#063","name":"Abra","type_1":"Psychic","type_2":"","category":"Normal Form Single Type","pokemon_wiki_url":"bulbapedia.bulbagarden.net\/wiki\/Abra_(Pok%C3%A9mon)"},{"rdex":"#064","ndex":"#064","name":"Kadabra","type_1":"Psychic","type_2":"","category":"Normal Form Single Type","pokemon_wiki_url":"bulbapedia.bulbagarden.net\/wiki\/Kadabra_(Pok%C3%A9mon)"},{"rdex":"#065","ndex":"#065","name":"Alakazam","type_1":"Psychic","type_2":"","category":"Normal Form Single Type","pokemon_wiki_url":"bulbapedia.bulbagarden.net\/wiki\/Alakazam_(Pok%C3%A9mon)"},{"rdex":"#066","ndex":"#066","name":"Machop","type_1":"Fighting","type_2":"","category":"Normal Form Single Type","pokemon_wiki_url":"bulbapedia.bulbagarden.net\/wiki\/Machop_(Pok%C3%A9mon)"},{"rdex":"#067","ndex":"#067","name":"Machoke","type_1":"Fighting","type_2":"","category":"Normal Form Single Type","pokemon_wiki_url":"bulbapedia.bulbagarden.net\/wiki\/Machoke_(Pok%C3%A9mon)"},{"rdex":"#068","ndex":"#068","name":"Machamp","type_1":"Fighting","type_2":"","category":"Normal Form Single Type","pokemon_wiki_url":"bulbapedia.bulbagarden.net\/wiki\/Machamp_(Pok%C3%A9mon)"},{"rdex":"#069","ndex":"#069","name":"Bellsprout","type_1":"Grass","type_2":"Poison","category":"Normal Form Double Type","pokemon_wiki_url":"bulbapedia.bulbagarden.net\/wiki\/Bellsprout_(Pok%C3%A9mon)"},{"rdex":"#070","ndex":"#070","name":"Weepinbell","type_1":"Grass","type_2":"Poison","category":"Normal Form Double Type","pokemon_wiki_url":"bulbapedia.bulbagarden.net\/wiki\/Weepinbell_(Pok%C3%A9mon)"},{"rdex":"#071","ndex":"#071","name":"Victreebel","type_1":"Grass","type_2":"Poison","category":"Normal Form Double Type","pokemon_wiki_url":"bulbapedia.bulbagarden.net\/wiki\/Victreebel_(Pok%C3%A9mon)"},{"rdex":"#072","ndex":"#072","name":"Tentacool","type_1":"Water","type_2":"Poison","category":"Normal Form Double Type","pokemon_wiki_url":"bulbapedia.bulbagarden.net\/wiki\/Tentacool_(Pok%C3%A9mon)"},{"rdex":"#073","ndex":"#073","name":"Tentacruel","type_1":"Water","type_2":"Poison","category":"Normal Form Double Type","pokemon_wiki_url":"bulbapedia.bulbagarden.net\/wiki\/Tentacruel_(Pok%C3%A9mon)"},{"rdex":"#074","ndex":"#074","name":"Geodude","type_1":"Rock","type_2":"Ground","category":"Normal Form Double Type","pokemon_wiki_url":"bulbapedia.bulbagarden.net\/wiki\/Geodude_(Pok%C3%A9mon)"},{"rdex":"","ndex":"#074","name":"Geodude","type_1":"Rock","type_2":"Electric","category":"Regional Form Double Type","pokemon_wiki_url":"bulbapedia.bulbagarden.net\/wiki\/Geodude_(Pok%C3%A9mon)"},{"rdex":"#075","ndex":"#075","name":"Graveler","type_1":"Rock","type_2":"Ground","category":"Normal Form Double Type","pokemon_wiki_url":"bulbapedia.bulbagarden.net\/wiki\/Graveler_(Pok%C3%A9mon)"},{"rdex":"","ndex":"#075","name":"Graveler","type_1":"Rock","type_2":"Electric","category":"Regional Form Double Type","pokemon_wiki_url":"bulbapedia.bulbagarden.net\/wiki\/Graveler_(Pok%C3%A9mon)"},{"rdex":"#076","ndex":"#076","name":"Golem","type_1":"Rock","type_2":"Ground","category":"Normal Form Double Type","pokemon_wiki_url":"bulbapedia.bulbagarden.net\/wiki\/Golem_(Pok%C3%A9mon)"},{"rdex":"","ndex":"#076","name":"Golem","type_1":"Rock","type_2":"Electric","category":"Regional Form Double Type","pokemon_wiki_url":"bulbapedia.bulbagarden.net\/wiki\/Golem_(Pok%C3%A9mon)"},{"rdex":"#077","ndex":"#077","name":"Ponyta","type_1":"Fire","type_2":"","category":"Normal Form Single Type","pokemon_wiki_url":"bulbapedia.bulbagarden.net\/wiki\/Ponyta_(Pok%C3%A9mon)"},{"rdex":"","ndex":"#077","name":"Ponyta","type_1":"Psychic","type_2":"","category":"Regional Form Single Type","pokemon_wiki_url":"bulbapedia.bulbagarden.net\/wiki\/Ponyta_(Pok%C3%A9mon)"},{"rdex":"#078","ndex":"#078","name":"Rapidash","type_1":"Fire","type_2":"","category":"Normal Form Single Type","pokemon_wiki_url":"bulbapedia.bulbagarden.net\/wiki\/Rapidash_(Pok%C3%A9mon)"},{"rdex":"","ndex":"#078","name":"Rapidash","type_1":"Psychic","type_2":"Fairy","category":"Regional Form Double Type","pokemon_wiki_url":"bulbapedia.bulbagarden.net\/wiki\/Rapidash_(Pok%C3%A9mon)"},{"rdex":"#079","ndex":"#079","name":"Slowpoke","type_1":"Water","type_2":"Psychic","category":"Normal Form Double Type","pokemon_wiki_url":"bulbapedia.bulbagarden.net\/wiki\/Slowpoke_(Pok%C3%A9mon)"},{"rdex":"","ndex":"#079","name":"Slowpoke","type_1":"Psychic","type_2":"","category":"Regional Form Single Type","pokemon_wiki_url":"bulbapedia.bulbagarden.net\/wiki\/Slowpoke_(Pok%C3%A9mon)"},{"rdex":"#080","ndex":"#080","name":"Slowbro","type_1":"Water","type_2":"Psychic","category":"Normal Form Double Type","pokemon_wiki_url":"bulbapedia.bulbagarden.net\/wiki\/Slowbro_(Pok%C3%A9mon)"},{"rdex":"","ndex":"#080","name":"Slowbro","type_1":"Poison","type_2":"Psychic","category":"Regional Form Double Type","pokemon_wiki_url":"bulbapedia.bulbagarden.net\/wiki\/Slowbro_(Pok%C3%A9mon)"},{"rdex":"#081","ndex":"#081","name":"Magnemite","type_1":"Electric","type_2":"Steel","category":"Normal Form Double Type","pokemon_wiki_url":"bulbapedia.bulbagarden.net\/wiki\/Magnemite_(Pok%C3%A9mon)"},{"rdex":"#082","ndex":"#082","name":"Magneton","type_1":"Electric","type_2":"Steel","category":"Normal Form Double Type","pokemon_wiki_url":"bulbapedia.bulbagarden.net\/wiki\/Magneton_(Pok%C3%A9mon)"},{"rdex":"#083","ndex":"#083","name":"Farfetch'd","type_1":"Normal","type_2":"Flying","category":"Normal Form Double Type","pokemon_wiki_url":"bulbapedia.bulbagarden.net\/wiki\/Farfetch%27d_(Pok%C3%A9mon)"},{"rdex":"","ndex":"#083","name":"Farfetch'd","type_1":"Fighting","type_2":"","category":"Regional Form Single Type","pokemon_wiki_url":"bulbapedia.bulbagarden.net\/wiki\/Farfetch%27d_(Pok%C3%A9mon)"},{"rdex":"#084","ndex":"#084","name":"Doduo","type_1":"Normal","type_2":"Flying","category":"Normal Form Double Type","pokemon_wiki_url":"bulbapedia.bulbagarden.net\/wiki\/Doduo_(Pok%C3%A9mon)"},{"rdex":"#085","ndex":"#085","name":"Dodrio","type_1":"Normal","type_2":"Flying","category":"Normal Form Double Type","pokemon_wiki_url":"bulbapedia.bulbagarden.net\/wiki\/Dodrio_(Pok%C3%A9mon)"},{"rdex":"#086","ndex":"#086","name":"Seel","type_1":"Water","type_2":"","category":"Normal Form Single Type","pokemon_wiki_url":"bulbapedia.bulbagarden.net\/wiki\/Seel_(Pok%C3%A9mon)"},{"rdex":"#087","ndex":"#087","name":"Dewgong","type_1":"Water","type_2":"Ice","category":"Normal Form Double Type","pokemon_wiki_url":"bulbapedia.bulbagarden.net\/wiki\/Dewgong_(Pok%C3%A9mon)"},{"rdex":"#088","ndex":"#088","name":"Grimer","type_1":"Poison","type_2":"","category":"Normal Form Single Type","pokemon_wiki_url":"bulbapedia.bulbagarden.net\/wiki\/Grimer_(Pok%C3%A9mon)"},{"rdex":"","ndex":"#088","name":"Grimer","type_1":"Poison","type_2":"Dark","category":"Regional Form Double Type","pokemon_wiki_url":"bulbapedia.bulbagarden.net\/wiki\/Grimer_(Pok%C3%A9mon)"},{"rdex":"#089","ndex":"#089","name":"Muk","type_1":"Poison","type_2":"","category":"Normal Form Single Type","pokemon_wiki_url":"bulbapedia.bulbagarden.net\/wiki\/Muk_(Pok%C3%A9mon)"},{"rdex":"","ndex":"#089","name":"Muk","type_1":"Poison","type_2":"Dark","category":"Regional Form Double Type","pokemon_wiki_url":"bulbapedia.bulbagarden.net\/wiki\/Muk_(Pok%C3%A9mon)"},{"rdex":"#090","ndex":"#090","name":"Shellder","type_1":"Water","type_2":"","category":"Normal Form Single Type","pokemon_wiki_url":"bulbapedia.bulbagarden.net\/wiki\/Shellder_(Pok%C3%A9mon)"},{"rdex":"#091","ndex":"#091","name":"Cloyster","type_1":"Water","type_2":"Ice","category":"Normal Form Double Type","pokemon_wiki_url":"bulbapedia.bulbagarden.net\/wiki\/Cloyster_(Pok%C3%A9mon)"},{"rdex":"#092","ndex":"#092","name":"Gastly","type_1":"Ghost","type_2":"Poison","category":"Normal Form Double Type","pokemon_wiki_url":"bulbapedia.bulbagarden.net\/wiki\/Gastly_(Pok%C3%A9mon)"},{"rdex":"#093","ndex":"#093","name":"Haunter","type_1":"Ghost","type_2":"Poison","category":"Normal Form Double Type","pokemon_wiki_url":"bulbapedia.bulbagarden.net\/wiki\/Haunter_(Pok%C3%A9mon)"},{"rdex":"#094","ndex":"#094","name":"Gengar","type_1":"Ghost","type_2":"Poison","category":"Normal Form Double Type","pokemon_wiki_url":"bulbapedia.bulbagarden.net\/wiki\/Gengar_(Pok%C3%A9mon)"},{"rdex":"#095","ndex":"#095","name":"Onix","type_1":"Rock","type_2":"Ground","category":"Normal Form Double Type","pokemon_wiki_url":"bulbapedia.bulbagarden.net\/wiki\/Onix_(Pok%C3%A9mon)"},{"rdex":"#096","ndex":"#096","name":"Drowzee","type_1":"Psychic","type_2":"","category":"Normal Form Single Type","pokemon_wiki_url":"bulbapedia.bulbagarden.net\/wiki\/Drowzee_(Pok%C3%A9mon)"},{"rdex":"#097","ndex":"#097","name":"Hypno","type_1":"Psychic","type_2":"","category":"Normal Form Single Type","pokemon_wiki_url":"bulbapedia.bulbagarden.net\/wiki\/Hypno_(Pok%C3%A9mon)"},{"rdex":"#098","ndex":"#098","name":"Krabby","type_1":"Water","type_2":"","category":"Normal Form Single Type","pokemon_wiki_url":"bulbapedia.bulbagarden.net\/wiki\/Krabby_(Pok%C3%A9mon)"},{"rdex":"#099","ndex":"#099","name":"Kingler","type_1":"Water","type_2":"","category":"Normal Form Single Type","pokemon_wiki_url":"bulbapedia.bulbagarden.net\/wiki\/Kingler_(Pok%C3%A9mon)"},{"rdex":"#100","ndex":"#100","name":"Voltorb","type_1":"Electric","type_2":"","category":"Normal Form Single Type","pokemon_wiki_url":"bulbapedia.bulbagarden.net\/wiki\/Voltorb_(Pok%C3%A9mon)"},{"rdex":"","ndex":"#100","name":"Voltorb","type_1":"Electric","type_2":"Grass","category":"Regional Form Double Type","pokemon_wiki_url":"bulbapedia.bulbagarden.net\/wiki\/Voltorb_(Pok%C3%A9mon)"},{"rdex":"#101","ndex":"#101","name":"Electrode","type_1":"Electric","type_2":"","category":"Normal Form Single Type","pokemon_wiki_url":"bulbapedia.bulbagarden.net\/wiki\/Electrode_(Pok%C3%A9mon)"},{"rdex":"","ndex":"#101","name":"Electrode","type_1":"Electric","type_2":"Grass","category":"Regional Form Double Type","pokemon_wiki_url":"bulbapedia.bulbagarden.net\/wiki\/Electrode_(Pok%C3%A9mon)"},{"rdex":"#102","ndex":"#102","name":"Exeggcute","type_1":"Grass","type_2":"Psychic","category":"Normal Form Double Type","pokemon_wiki_url":"bulbapedia.bulbagarden.net\/wiki\/Exeggcute_(Pok%C3%A9mon)"},{"rdex":"#103","ndex":"#103","name":"Exeggutor","type_1":"Grass","type_2":"Psychic","category":"Normal Form Double Type","pokemon_wiki_url":"bulbapedia.bulbagarden.net\/wiki\/Exeggutor_(Pok%C3%A9mon)"},{"rdex":"","ndex":"#103","name":"Exeggutor","type_1":"Grass","type_2":"Dragon","category":"Regional Form Double Type","pokemon_wiki_url":"bulbapedia.bulbagarden.net\/wiki\/Exeggutor_(Pok%C3%A9mon)"},{"rdex":"#104","ndex":"#104","name":"Cubone","type_1":"Ground","type_2":"","category":"Normal Form Single Type","pokemon_wiki_url":"bulbapedia.bulbagarden.net\/wiki\/Cubone_(Pok%C3%A9mon)"},{"rdex":"#105","ndex":"#105","name":"Marowak","type_1":"Ground","type_2":"","category":"Normal Form Single Type","pokemon_wiki_url":"bulbapedia.bulbagarden.net\/wiki\/Marowak_(Pok%C3%A9mon)"},{"rdex":"","ndex":"#105","name":"Marowak","type_1":"Fire","type_2":"Ghost","category":"Regional Form Double Type","pokemon_wiki_url":"bulbapedia.bulbagarden.net\/wiki\/Marowak_(Pok%C3%A9mon)"},{"rdex":"#106","ndex":"#106","name":"Hitmonlee","type_1":"Fighting","type_2":"","category":"Normal Form Single Type","pokemon_wiki_url":"bulbapedia.bulbagarden.net\/wiki\/Hitmonlee_(Pok%C3%A9mon)"},{"rdex":"#107","ndex":"#107","name":"Hitmonchan","type_1":"Fighting","type_2":"","category":"Normal Form Single Type","pokemon_wiki_url":"bulbapedia.bulbagarden.net\/wiki\/Hitmonchan_(Pok%C3%A9mon)"},{"rdex":"#108","ndex":"#108","name":"Lickitung","type_1":"Normal","type_2":"","category":"Normal Form Single Type","pokemon_wiki_url":"bulbapedia.bulbagarden.net\/wiki\/Lickitung_(Pok%C3%A9mon)"},{"rdex":"#109","ndex":"#109","name":"Koffing","type_1":"Poison","type_2":"","category":"Normal Form Single Type","pokemon_wiki_url":"bulbapedia.bulbagarden.net\/wiki\/Koffing_(Pok%C3%A9mon)"},{"rdex":"#110","ndex":"#110","name":"Weezing","type_1":"Poison","type_2":"","category":"Normal Form Single Type","pokemon_wiki_url":"bulbapedia.bulbagarden.net\/wiki\/Weezing_(Pok%C3%A9mon)"},{"rdex":"","ndex":"#110","name":"Weezing","type_1":"Poison","type_2":"Fairy","category":"Regional Form Double Type","pokemon_wiki_url":"bulbapedia.bulbagarden.net\/wiki\/Weezing_(Pok%C3%A9mon)"},{"rdex":"#111","ndex":"#111","name":"Rhyhorn","type_1":"Ground","type_2":"Rock","category":"Normal Form Double Type","pokemon_wiki_url":"bulbapedia.bulbagarden.net\/wiki\/Rhyhorn_(Pok%C3%A9mon)"},{"rdex":"#112","ndex":"#112","name":"Rhydon","type_1":"Ground","type_2":"Rock","category":"Normal Form Double Type","pokemon_wiki_url":"bulbapedia.bulbagarden.net\/wiki\/Rhydon_(Pok%C3%A9mon)"},{"rdex":"#113","ndex":"#113","name":"Chansey","type_1":"Normal","type_2":"","category":"Normal Form Single Type","pokemon_wiki_url":"bulbapedia.bulbagarden.net\/wiki\/Chansey_(Pok%C3%A9mon)"},{"rdex":"#114","ndex":"#114","name":"Tangela","type_1":"Grass","type_2":"","category":"Normal Form Single Type","pokemon_wiki_url":"bulbapedia.bulbagarden.net\/wiki\/Tangela_(Pok%C3%A9mon)"},{"rdex":"#115","ndex":"#115","name":"Kangaskhan","type_1":"Normal","type_2":"","category":"Normal Form Single Type","pokemon_wiki_url":"bulbapedia.bulbagarden.net\/wiki\/Kangaskhan_(Pok%C3%A9mon)"},{"rdex":"#116","ndex":"#116","name":"Horsea","type_1":"Water","type_2":"","category":"Normal Form Single Type","pokemon_wiki_url":"bulbapedia.bulbagarden.net\/wiki\/Horsea_(Pok%C3%A9mon)"},{"rdex":"#117","ndex":"#117","name":"Seadra","type_1":"Water","type_2":"","category":"Normal Form Single Type","pokemon_wiki_url":"bulbapedia.bulbagarden.net\/wiki\/Seadra_(Pok%C3%A9mon)"},{"rdex":"#118","ndex":"#118","name":"Goldeen","type_1":"Water","type_2":"","category":"Normal Form Single Type","pokemon_wiki_url":"bulbapedia.bulbagarden.net\/wiki\/Goldeen_(Pok%C3%A9mon)"},{"rdex":"#119","ndex":"#119","name":"Seaking","type_1":"Water","type_2":"","category":"Normal Form Single Type","pokemon_wiki_url":"bulbapedia.bulbagarden.net\/wiki\/Seaking_(Pok%C3%A9mon)"},{"rdex":"#120","ndex":"#120","name":"Staryu","type_1":"Water","type_2":"","category":"Normal Form Single Type","pokemon_wiki_url":"bulbapedia.bulbagarden.net\/wiki\/Staryu_(Pok%C3%A9mon)"},{"rdex":"#121","ndex":"#121","name":"Starmie","type_1":"Water","type_2":"Psychic","category":"Normal Form Double Type","pokemon_wiki_url":"bulbapedia.bulbagarden.net\/wiki\/Starmie_(Pok%C3%A9mon)"},{"rdex":"#122","ndex":"#122","name":"Mr. Mime","type_1":"Psychic","type_2":"Fairy","category":"Normal Form Double Type","pokemon_wiki_url":"bulbapedia.bulbagarden.net\/wiki\/Mr._Mime_(Pok%C3%A9mon)"},{"rdex":"","ndex":"#122","name":"Mr. Mime","type_1":"Ice","type_2":"Psychic","category":"Regional Form Double Type","pokemon_wiki_url":"bulbapedia.bulbagarden.net\/wiki\/Mr._Mime_(Pok%C3%A9mon)"},{"rdex":"#123","ndex":"#123","name":"Scyther","type_1":"Bug","type_2":"Flying","category":"Normal Form Double Type","pokemon_wiki_url":"bulbapedia.bulbagarden.net\/wiki\/Scyther_(Pok%C3%A9mon)"},{"rdex":"#124","ndex":"#124","name":"Jynx","type_1":"Ice","type_2":"Psychic","category":"Normal Form Double Type","pokemon_wiki_url":"bulbapedia.bulbagarden.net\/wiki\/Jynx_(Pok%C3%A9mon)"},{"rdex":"#125","ndex":"#125","name":"Electabuzz","type_1":"Electric","type_2":"","category":"Normal Form Single Type","pokemon_wiki_url":"bulbapedia.bulbagarden.net\/wiki\/Electabuzz_(Pok%C3%A9mon)"},{"rdex":"#126","ndex":"#126","name":"Magmar","type_1":"Fire","type_2":"","category":"Normal Form Single Type","pokemon_wiki_url":"bulbapedia.bulbagarden.net\/wiki\/Magmar_(Pok%C3%A9mon)"},{"rdex":"#127","ndex":"#127","name":"Pinsir","type_1":"Bug","type_2":"","category":"Normal Form Single Type","pokemon_wiki_url":"bulbapedia.bulbagarden.net\/wiki\/Pinsir_(Pok%C3%A9mon)"},{"rdex":"#128","ndex":"#128","name":"Tauros","type_1":"Normal","type_2":"","category":"Normal Form Single Type","pokemon_wiki_url":"bulbapedia.bulbagarden.net\/wiki\/Tauros_(Pok%C3%A9mon)"},{"rdex":"#129","ndex":"#129","name":"Magikarp","type_1":"Water","type_2":"","category":"Normal Form Single Type","pokemon_wiki_url":"bulbapedia.bulbagarden.net\/wiki\/Magikarp_(Pok%C3%A9mon)"},{"rdex":"#130","ndex":"#130","name":"Gyarados","type_1":"Water","type_2":"Flying","category":"Normal Form Double Type","pokemon_wiki_url":"bulbapedia.bulbagarden.net\/wiki\/Gyarados_(Pok%C3%A9mon)"},{"rdex":"#131","ndex":"#131","name":"Lapras","type_1":"Water","type_2":"Ice","category":"Normal Form Double Type","pokemon_wiki_url":"bulbapedia.bulbagarden.net\/wiki\/Lapras_(Pok%C3%A9mon)"},{"rdex":"#132","ndex":"#132","name":"Ditto","type_1":"Normal","type_2":"","category":"Normal Form Single Type","pokemon_wiki_url":"bulbapedia.bulbagarden.net\/wiki\/Ditto_(Pok%C3%A9mon)"},{"rdex":"#133","ndex":"#133","name":"Eevee","type_1":"Normal","type_2":"","category":"Normal Form Single Type","pokemon_wiki_url":"bulbapedia.bulbagarden.net\/wiki\/Eevee_(Pok%C3%A9mon)"},{"rdex":"#134","ndex":"#134","name":"Vaporeon","type_1":"Water","type_2":"","category":"Normal Form Single Type","pokemon_wiki_url":"bulbapedia.bulbagarden.net\/wiki\/Vaporeon_(Pok%C3%A9mon)"},{"rdex":"#135","ndex":"#135","name":"Jolteon","type_1":"Electric","type_2":"","category":"Normal Form Single Type","pokemon_wiki_url":"bulbapedia.bulbagarden.net\/wiki\/Jolteon_(Pok%C3%A9mon)"},{"rdex":"#136","ndex":"#136","name":"Flareon","type_1":"Fire","type_2":"","category":"Normal Form Single Type","pokemon_wiki_url":"bulbapedia.bulbagarden.net\/wiki\/Flareon_(Pok%C3%A9mon)"},{"rdex":"#137","ndex":"#137","name":"Porygon","type_1":"Normal","type_2":"","category":"Normal Form Single Type","pokemon_wiki_url":"bulbapedia.bulbagarden.net\/wiki\/Porygon_(Pok%C3%A9mon)"},{"rdex":"#138","ndex":"#138","name":"Omanyte","type_1":"Rock","type_2":"Water","category":"Normal Form Double Type","pokemon_wiki_url":"bulbapedia.bulbagarden.net\/wiki\/Omanyte_(Pok%C3%A9mon)"},{"rdex":"#139","ndex":"#139","name":"Omastar","type_1":"Rock","type_2":"Water","category":"Normal Form Double Type","pokemon_wiki_url":"bulbapedia.bulbagarden.net\/wiki\/Omastar_(Pok%C3%A9mon)"},{"rdex":"#140","ndex":"#140","name":"Kabuto","type_1":"Rock","type_2":"Water","category":"Normal Form Double Type","pokemon_wiki_url":"bulbapedia.bulbagarden.net\/wiki\/Kabuto_(Pok%C3%A9mon)"},{"rdex":"#141","ndex":"#141","name":"Kabutops","type_1":"Rock","type_2":"Water","category":"Normal Form Double Type","pokemon_wiki_url":"bulbapedia.bulbagarden.net\/wiki\/Kabutops_(Pok%C3%A9mon)"},{"rdex":"#142","ndex":"#142","name":"Aerodactyl","type_1":"Rock","type_2":"Flying","category":"Normal Form Double Type","pokemon_wiki_url":"bulbapedia.bulbagarden.net\/wiki\/Aerodactyl_(Pok%C3%A9mon)"},{"rdex":"#143","ndex":"#143","name":"Snorlax","type_1":"Normal","type_2":"","category":"Normal Form Single Type","pokemon_wiki_url":"bulbapedia.bulbagarden.net\/wiki\/Snorlax_(Pok%C3%A9mon)"},{"rdex":"#144","ndex":"#144","name":"Articuno","type_1":"Ice","type_2":"Flying","category":"Normal Form Double Type","pokemon_wiki_url":"bulbapedia.bulbagarden.net\/wiki\/Articuno_(Pok%C3%A9mon)"},{"rdex":"","ndex":"#144","name":"Articuno","type_1":"Psychic","type_2":"Flying","category":"Regional Form Double Type","pokemon_wiki_url":"bulbapedia.bulbagarden.net\/wiki\/Articuno_(Pok%C3%A9mon)"},{"rdex":"#145","ndex":"#145","name":"Zapdos","type_1":"Electric","type_2":"Flying","category":"Normal Form Double Type","pokemon_wiki_url":"bulbapedia.bulbagarden.net\/wiki\/Zapdos_(Pok%C3%A9mon)"},{"rdex":"","ndex":"#145","name":"Zapdos","type_1":"Fighting","type_2":"Flying","category":"Regional Form Double Type","pokemon_wiki_url":"bulbapedia.bulbagarden.net\/wiki\/Zapdos_(Pok%C3%A9mon)"},{"rdex":"#146","ndex":"#146","name":"Moltres","type_1":"Fire","type_2":"Flying","category":"Normal Form Double Type","pokemon_wiki_url":"bulbapedia.bulbagarden.net\/wiki\/Moltres_(Pok%C3%A9mon)"},{"rdex":"","ndex":"#146","name":"Moltres","type_1":"Dark","type_2":"Flying","category":"Regional Form Double Type","pokemon_wiki_url":"bulbapedia.bulbagarden.net\/wiki\/Moltres_(Pok%C3%A9mon)"},{"rdex":"#147","ndex":"#147","name":"Dratini","type_1":"Dragon","type_2":"","category":"Normal Form Single Type","pokemon_wiki_url":"bulbapedia.bulbagarden.net\/wiki\/Dratini_(Pok%C3%A9mon)"},{"rdex":"#148","ndex":"#148","name":"Dragonair","type_1":"Dragon","type_2":"","category":"Normal Form Single Type","pokemon_wiki_url":"bulbapedia.bulbagarden.net\/wiki\/Dragonair_(Pok%C3%A9mon)"},{"rdex":"#149","ndex":"#149","name":"Dragonite","type_1":"Dragon","type_2":"Flying","category":"Normal Form Double Type","pokemon_wiki_url":"bulbapedia.bulbagarden.net\/wiki\/Dragonite_(Pok%C3%A9mon)"},{"rdex":"#150","ndex":"#150","name":"Mewtwo","type_1":"Psychic","type_2":"","category":"Normal Form Single Type","pokemon_wiki_url":"bulbapedia.bulbagarden.net\/wiki\/Mewtwo_(Pok%C3%A9mon)"},{"rdex":"#151","ndex":"#151","name":"Mew","type_1":"Psychic","type_2":"","category":"Normal Form Single Type","pokemon_wiki_url":"bulbapedia.bulbagarden.net\/wiki\/Mew_(Pok%C3%A9mon)"}]