[{"headline":"Korean leaders exchange friendly letters in rare break from tensions","date":"Apr 22, 2022 8:05 AM PHT","author":"Reuters","full_article":"SEOUL, South Korea\u00a0\u2013\u00a0North Korean leader Kim Jong-un has exchanged letters with outgoing South Korean President Moon Jae-in and thanked him for trying to improve relations, state media KCNA reported on Friday, April 22, amid tension over Pyongyang\u2019s weapons tests. The exchange of letters came against a backdrop of strained cross-border ties since a failed North Korea-US summit in 2019, and flaring tension after Pyongyang launched intercontinental ballistic missiles (ICBMs) last month, breaking a self-imposed 2017 moratorium. Moon\u2019s office confirmed that he had exchanged \u201cletters of friendship\u201d with Kim. Moon sent a letter on Wednesday and promised to continue to try to lay a foundation for unification based on joint declarations reached at summits in 2018, despite the \u201cdifficult situation,\u201d the official KCNA news agency said. Kim said in his reply on Thursday that their \u201chistoric\u201d summits gave the people \u201chope for the future\u201d, and the two agreed that ties would develop if both sides \u201cmake tireless efforts with hope.\u201d \u201cKim Jong Un appreciated the pains and effort taken by Moon Jae-in for the great cause of the nation until the last days of his term of office,\u201d KCNA said, adding the exchange of letters was an \u201cexpression of their deep trust.\u201d Moon staked his legacy on improving inter-Korean ties and helped arrange unprecedented meetings between Kim and then US President Donald Trump in 2018 and 2019. The three summits held by Kim and Moon in 2018 promised peace and reconciliation, but relations have deteriorated in recent years, with the North warning of destructive action and demolishing facilities built by South Korean firms for joint economic projects. The two leaders briefly sought to mend ties last year through multiple exchanges of letters, but little progress has been made as Pyongyang criticised Seoul\u2019s \u201cdouble standards\u201d over its weapons development. Tension sharply escalated after North Korea last month conducted its first full ICBM test since 2017, and there are concerns that Pyongyang is preparing to restart nuclear testing. South Korean and US troops began annual joint military exercises this week, and North Korea routinely denounces such drills as rehearsals for war. \u2013 Rappler.com"},{"headline":"\u2018Always running scared:\u2019 Marcos, Duterte return to Calabarzon after Luzon numbers drop","date":"Apr 21, 2022 10:58 PM PHT","author":"Lian Buan","full_article":"LAGUNA, Philippines \u2013 Ferdinand \u201cBongbong\u201d Marcos Jr. still leads in pre-election surveys by a big margin, but the latest Pulse Asia polls showed his numbers dropping in Balance Luzon, and he responded to that by returning to Batangas and Laguna of the vote-rich region Calabarzon or Southern Tagalog. Vice President Leni Robredo\u2019s numbers rose 14 points in Balance Luzon in the same survey. Balance Luzon refers to areas in Luzon outside Metro Manila. What makes Calabarzon critical is that Marcos dropped 14 points in this region, while Robredo jumped 28 points, making the two statistically tied at 38-37. More about Calabarzon: it has 9.19 million voters, the biggest voting population out of all the regions in the country. Overall in the March Pulse survey, Marcos still leads Robredo 56-24. Marcos held a rally with vice presidential bet Sara Duterte in Lipa-Malvar in Batangas on Wednesday, April 20, his fourth return to this Southern Tagalog province where there are 1.8 million votes up for grabs. On the other hand, Uniteam\u2019s rally in Bi\u00f1an, Laguna on Thursday, April 21 was Marcos\u2019 third and Duterte\u2019s fourth trip there. In the March Pulse Asia survey, Duterte still leads 50-29 against closest rival Senate President Vicente \u201cTito\u201d Sotto III. But in Balance Luzon, she and Sotto are statistically tied 36-37. Calabarzon, Duterte said, is among areas she thinks she can still get votes, including Central Luzon, Bicol and Western Visayas. But the Davao City mayor said she can\u2019t speak for Marcos if they have the same reasons for returning to these Southern Tagalog provinces. \u201cWell, I do not know, magkaiba po \u2018yung campaign teams ng Bongbong Marcos at Sara Duterte (Bongbong Marcos and Sara Duterte have different campaign teams),\u201d said Duterte on the sidelines of a solo event in San Pedro, Laguna Thursday. Marcos, as usual, did not grant an interview. As for Duterte, she said \u201cwe are always running scared.\u201d \u201cWala po kaming confidence in winning ngayon, we are always running scared even if we are 18 days away from election day,\u201d said Duterte. The tandem already sealed the support of the governors of four provinces: Jonvic Remulla of Cavite, Hermilando Mandanas of Batangas, Danilo Suarez of Quezon, and Ramil Hernandez of Laguna. On Thursday, Laguna Governor Hernandez said: \u201cKami po, buong pamunuan ng PDP-Laban, kasama po ng ibang partido dito ay nagkakaisa, para po sa nag-iisang layunin. Bilang Pangulo ng PDP-Laban Laguna, ang amin pong presidente at vice president ay BBM-Sara.\u201d (All of us in PDP-Laban, and other parties here, are united in one goal. As president of PDP-Laban Laguna, our president and vice president are BBM-Sara.) That\u2019s the closest he\u2019s come to declaring support for Marcos, as beforehand he was just clear about endorsing Duterte. There was no traditional raising of hands at the end of the rally. Laguna is the 4th most vote rich province with 2 million voters, and which Marcos won over Robredo by a margin of more than 50,000 votes in the 2016 vice presidential race. Batangas, 7th most vote rich province with 1.8 million, was won by Robredo in 2016. The Vice President beat Marcos in Batangas by a margin of more than 250,000 votes \u2013 a big win if you look at Robredo\u2019s final margin over Marcos, which was just 263,473 votes. But unlike Marcos\u2019 Cavite backer, Governor Remulla, Batangas Governor Mandanas could not pledge how he can help reverse Marcos\u2019 fate in his province and by how much. Instead, Mandanas echoed the tandem\u2019s song of unity. \u201cAng pinag-uusapan dito ay hindi boto, ang pinag-uusapan dito ay pumili ng tunay na maglilingkod sa bayan, maka-Diyos, maka-tao, maka-bayan at nagkakaisa, at ito\u2019y ipakikita sa eleksyong ito sa dami ng boto,\u201d said Mandanas on the sidelines of the smaller events by Sara Duterte in Batangas City on Wednesday. (What we\u2019re talking about here are not votes, we\u2019re talking about choosing the real public servants, those who are for God, for the people, for the country, and for unity, and that\u2019s what we will show in these elections through our votes.) In 2016, although the presidential race was tight in Batangas, President Rodrigo Duterte won the province with a margin of just over 2,000 votes against his closest competitor there, Senator Grace Poe. This is why each time Sara Duterte is in Batangas, she mentions that her father and their family have a debt of gratitude to Batangue\u00f1os. On stage in Lipa-Malvar, Duterte said: \u201cDamang dama ko \u2018yung pagmamahal niyo sa amin dito sa Batangas.\u00a0 Naiiyak po ako. Pero ayokong umiyak kasi baka ganun yung mukha ko kapag umiyak, magiging meme ninyo ako.\u201d (I really feel your love for us here in Batangas. I am near tears, but I don\u2019t want to cry because my face when crying might be turned into a meme.) When the crowd chanted \u201cpanalo ka na (you\u2019ve won),\u201d Duterte said she was too stunned to respond. \u201cNa-mental block ako! (I have a mental block)\u201d the presidential daughter said. Marcos had a more confident response to the chant. \u201cKaunti na lang, basta walang iwanan ito, hanggang sa dulo. Walang iwanan, at walang tulugan. Sa May 9 papadalhan ko kayo ng toneladang 3-in-1, alam naman nating maraming nangyayari kapag gabi,\u201d said the son of the late dictator Ferdinand Marcos, whose 20-year rule of the Philippines was marked by rampant corruption, extreme poverty, massive debt, and gross human rights violations, although they have since succeeded in rehabilitating their image. (We\u2019re very near, just don\u2019t let go and stay with us until the end. Stay with us, and stay awake. On May 9 I will send you tons of 3-in-1 coffee, because we know so many things happen overnight.) Marcos was referring to Robredo overtaking him overnight in 2016 to win the vice presidency. Marcos\u2019 claims of election fraud has been junked unanimously, 15-0, by the Supreme Court. Meanwhile, the most elusive endorsement for Marcos, that of President Duterte\u2019s, is still to come. PDP-Laban secretary-general Melvin Matibag was in Laguna Thursday mainly to support his wife, who\u2019s running for as congressional seat in Laguna. Matibag confirmed that Marcos did meet President Duterte in person before PDP-Laban endorsed him. \u201cWe have to realize the President is wearing two hats, the president of the nation and the chairman of PDP-Laban, so there\u2019s balancing of interests, but we see he\u2019s very supportive of his party,\u201d said Matibag. How relevant is Calabarzon? A statistical tie in this region is an \u201cencouraging sign\u201d for Robredo, wrote Joey Salgado, spokesperson for former vice president Jejomar Binay, speaking from their experience of pulling off a come-from-behind victory to defeat the frontrunner Mar Roxas in 2010. However there\u2019s a reality check, said Salgado. Roxas was too confident in 2010, while Marcos Jr. \u201chas become more aggressive on the ground, willing to match or outmatch the \u2018Pink Wave\u2019.\u201d Indeed, Ilocos Sur kingpin Luis \u201cChavit\u201d Singson, a fixture of the Marcos campaign, said their candidate is not complacent. His barnstorming of Luzon, making several returns to provinces where he\u2019s already perceived as strong, is a strategy of consolidation, said a campaign source. After all, Luzon, including Metro Manila, has 36.6 million voters, or more than half of the total 65.7 million registered Filipino voters for 2022. \u201cWork harder and strong finish,\u201d was the short answer of House Majority Leader Martin Romualdez when asked what their campaign strategy would be for the last 18 days. Romualdez, Marcos\u2019 cousin, is president of Lakas-CMD which is carrying Duterte\u2019s vice presidential bid. Marcos squeezed into his Wednesday schedule Oriental and Occidental Mindoro before he met up with Duterte in Batangas, a travel that is only possible by air. Mimaropa as a region only has 1.99 million voters for the five provinces combined, but Marcos needs to sustain his good numbers here because Robredo won in all provinces there in 2016. The March Pulse Asia survey showed a drop for Marcos in Mimaropa but he still leads the region, 51-27, against Robredo. Marcos has on his side the governors of the two Mindoros \u2013 Eduardo Gadiano of Occidental and Humerlito Dolor of Oriental \u2013 as well as Jose Alvarez of Palawan. The likely ally would have been Marinduque Governor Presbitero Velasco, father of House Speaker Lord Allan Velasco who\u2019s close to Sara Duterte. The elder Velasco, running under PDP-Laban that has already endorsed Marcos, wields influence as the president of the League of Governos as well as a former justice of the Supreme Court. But when Robredo was there last week, Justice Velasco was all smiles with her, putting a crown on the Vice President\u2019s head. \u2013 Rappler.com"},{"headline":"Brazil\u2019s Bolsonaro pardons political ally, snubbing Supreme Court","date":"Apr 22, 2022 8:45 AM PHT","author":"Reuters","full_article":"RIO DE JANEIRO, Brazil\u00a0\u2013 Brazilian President Jair\u00a0Bolsonaro\u00a0said on Thursday, April 21, that he would pardon an allied federal congressman who was sentenced to nearly nine years in prison by the Supreme Court, a move likely to heighten tensions between the nation\u2019s executive and judiciary during an election year. In a 10-1 ruling on Wednesday, April 20,Brazil\u2019s top court, known as the STF, established that Silveira had interfered with the \u201cfree exercise\u201d of government and had threatened the nation\u2019s judicial authorities. Silveira, a right-wing former police officer from Rio de Janeiro, provoked controversy in 2021 after questioning the integrity of several STF ministers, calling on supporters to invade the court and saying that an anti-democratic decree in place during Brazil\u2019s 1964 to 1985 military dictatorship should be reinstituted. Bolsonaro\u2019s move is the latest escalation in his feud with the court, and could add to the likelihood of a constitutional crisis ahead of October\u2019s presidential vote, in which\u00a0Bolsonaro\u00a0is seeking re-election. His opponents had cheered the verdict. They maintain that the right-wing former army captain and his cohorts are a threat to democracy, and some fear he may not concede if he loses in October, especially as he has baselessly argued that the nation\u2019s electronic voting system is vulnerable to fraud. Bolsonaro\u00a0and his allies have complained of increasing judicial overreach by the STF. They criticized the Wednesday ruling as a politically motivated threat to free speech. The president couched his decision to pardon Silveira as a defense of the \u201cinviolability of opinion\u201d granted by the nation\u2019s constitution. Leftist politicians questioned the pardon\u2019s legality. \u201cThe mission of\u00a0Bolsonaro\u00a0and of \u2018Bolsonarismo\u2019 is to mess with the Constitution,\u201d Senator Randolfe Rodrigues from the northern state of Amapa wrote on Twitter. \u201cWe won\u2019t allow it!\u201d \u2013 Rappler.com"},{"headline":"14,000 tourists stay in Ilocos Norte during Holy Week","date":"Apr 22, 2022 7:57 AM PHT","author":"John Michael Mugas","full_article":"LAOAG CITY, Ilocos Norte \u2013 Tourists started trickling back to Ilocos Norte during the Holy Week, with the provincial government reporting over 14,000 inbound arrivals who stayed at least a night in a local establishment, the highest since the Philippines declared a national COVID-19 spread in March 2020. Although the figure is barely 3% of the 483,778 visitors reported during the same period in 2019, the provincial government said it could spur revival of livelihood and create more employment opportunities. The Ilocos Norte tourism office (INTO) said domestic travelers accounted for most arrivals, which peaked on Maundy Thursday, April 14, and Good Friday, April 15. The long weekend also brought 700,000 day visitors, or those who did not stay overnight in the province\u2019s accommodation facilities, INTO reported. The figure was also the highest recorded so far during the pandemic. Hotels and accommodations were fully booked in popular destinations like Pagudpud town and the capital city of Laoag. This forced tourists to look for alternatives, spreading revenue to other communities, the provincial government said. Before the pandemic, Ilocos Norte hosted about 3.8 million tourists annually, data from the local tourism office showed. Lockdowns and travel curbs led to P17-billion losses in potential income during the first year of the pandemic. The Federated Hotels and Resorts of Pagudpud Inc. said that accommodation facilities were fully booked from April 8 to April 18, and described the situation as \u201clively and bustling,\u201d at par with pre-pandemic days. Nelly Cristobal, owner of the Casa Victoria Resort, said in a press statement that she had to hire additional part-time workers to help their 30 regular staff. \u201cThis is the first time [during the pandemic] I have ever seen such a large number of tourists,\u201d said Cristobal, adding that it was a \u201crelief that things are getting back to normal.\u201d Pagudpud town, with its serene and crystal clear beaches, has always been a top tourist drawer, with over 116,000 tourists visiting its beach park during the same season in 2019. Most travel restrictions in the province have been eased under COVID-19 Alert level 1. Fully-vaccinated tourists would only need to show their vaccination cards upon entry. At least 2,500 tourism workers in the province are already fully vaccinated. Ilocos Norte was the first province in the country to receive a \u201csafe travel\u201d stamp from the World Tourism Council and the Department of Tourism for being compliant with safe travel protocols and other requirements. Tourism Secretary Bernadette Romulo-Puyat issued the certificate on September 27, 2021. During the Holy Week, over 200 tourism workers, utility personnel, and senior citizen guides deployed in 32 tourist destinations in Ilocos Norte were hired by the provincial government. \u2013 Rappler.com John Michael Mugas is a Luzon-based reporter and an awardee of the Aries Rufo Professional Journalism Fellowship."},{"headline":"Musk secures $46.5 billion in funding for Twitter bid","date":"Apr 21, 2022 10:56 PM PHT","author":"Reuters","full_article":"Elon Musk has secured $46.5 billion in funding to buy Twitter Inc and is considering a tender offer for its shares, a filing with US regulators showed on Thursday, April 21. Musk himself has committed to put up $33.5 billion, which will include $21 billion of equity and $12.5 billion of margin loans, to finance the transaction. Banks, including Morgan Stanley, have agreed to provide another $13 billion in debt secured against Twitter itself,according to the filing. Twitter was not immediately available for comment. Musk\u2019s latest move comes after Twitter failed to respond to his offer and adopted of a \u201cpoison pill\u201d to thwart thebillionaire\u2019s effort to buy the social media platform for $43 billion. Musk, a self-described \u201cfree speech absolutist,\u201d has said the social media company needs to be taken private to grow and become a platform for free speech. The offer from Musk, who is the second-largest shareholder of Twitter, has drawn private equity interest in participating in a deal for Twitter, Reuters reported, citing people familiar with the matter. Apollo Global Management Inc is considering ways it can provide financing to any deal and is open to working withMusk or any other bidder, while Thoma Bravo has informed Twitter that it is exploring the possibility of putting together a bid. Musk, an active Twitter user with over 80 million followers on the platform, has made of number of announcements on the platform, including some that have landed him in hot water with US regulators. In 2018, Musk tweeted he had \u201cfunding secured\u201d to take Tesla Inc private for $420 per share \u2013 a move that led to millions of dollars in fines and him being forced to step down as chairman of the electric car company to resolve claims from the US securities regulator that he defrauded investors. \u2013 Rappler.com"},{"headline":"Big companies manage to pass on soaring costs to cash-strapped consumers","date":"Apr 21, 2022 10:45 PM PHT","author":"Reuters","full_article":"ZURICH, Switzerland \u2013 Makers of chocolate bars and coffee to lawn mowers and industrial robots succeeded in passing on soaring costs to consumers, first-quarter earnings showed on Thursday, April 21, allaying fears higher prices could dent demand for their products. Some of Europe\u2019s biggest companies reported first quarter sales increases, with KitKat maker Nestle, Evian water owner Danone, and Dulux paint maker Akzo Nobel\u00a0saying they were able to accomplish the gains while raising their prices. Engineering company ABB\u00a0and gardening equipment maker Husqvarna also reported strong demand despite both increasing prices. \u201cPricing power does exist. Across multiple categories. In European food, it is called Nestle,\u201d said Bernstein analyst Bruno Monteyne. Outside Europe, Tesla\u00a0surged past Wall Street expectations on Wednesday, April 20, as higher prices helped insulate the electric vehicle maker from supply chain chaos and rising costs. But while cheering investors, with Nestle, ABB, and Akzo Nobel enjoying share price gains, the strategy is stirring worries about households\u2019 ability to cope and the outlook for the rest of the year. Rising interest rates and lagging pay deals are squeezing consumers, who are seeing their disposable incomes shrink and shopping bills rise. There have been some signs in US retail data that consumers have begun cutting back on discretionary spending amid high inflation and companies that thrived during the pandemic have lost some of their edge. On Tuesday, April 19, Netflix blamed inflation, the war in Ukraine, and fierce competition on a loss of subscribers for the first time in more than a decade. And while\u00a0Nescafe owner Nestle was among the winners on Thursday, reporting a 7.6% rise in organic sales during the first three months of the year, its chief\u00a0executive later warned that inflation has made its profit margin target more challenging. Nestle beat a 5% average forecast for the sales measure that strips out currency swings and M&A deals in a company-compiled consensus thanks to price increases of 5.2%. \u201cWe stepped up pricing in a responsible manner and saw sustained consumer demand,\u201d the Swiss company, whose products include Purina pet food and Nespresso, said. Still the world\u2019s biggest food group said the current price rises were unlikely to be the last. \u201cCost inflation continues to increase sharply, which will require further pricing and mitigating actions over the course of the year,\u201d Nestle added. French peer Danone, whose product lineup includes Activia yoghurt and Evian water, said it was also ready for further rounds of price increases \u201cif needed\u201d after reporting a 7.1% sales increase late on Wednesday. The world\u2019s biggest yogurt maker benefited from price increases at the start of the year as well as easier comparisons and stronger demand for baby formula in China. Higher prices could be a sensitive topic in its French home market where the cost of living crisis sets the tone for the presidential runoff between incumbent Emmanuel Macron and his right-wing challenger Marine Le Pen. Price rises have also not hurt demand for Dutch paint and coatings maker Akzo Nobel, which beat quarterly core earnings estimates on Thursday while reporting a 17% increase in prices compared with a year earlier. CEO Thierry Vanlancker said that the group\u2019s \u201cvigorous pricing initiatives\u201d had helped it manage \u201cthe unprecedented variable cost inflation that impacted our industry during the quarter.\u201d Beyond the consumer area, factory robots and industrial drive maker ABB\u00a0also reported a\u00a021%\u00a0jump in orders during its first quarter despite increasing prices. CEO Bjorn Rosengren said there were was no end in sight to price increases for components and metals, as well as rising transport costs. This meant ABB would have to continue to lift prices to deal with it, he said, although there was no sign of customers holding back from equipping their factories with new products. \u201cThey are still placing orders, I guess they are accepting it,\u201d Rosengren told reporters. \u201cWe are not the only one lifting prices, everyone is doing that in the market. That is the new reality.\u201d Also on Thursday, Husqvarna, the world\u2019s biggest maker of gardening power equipment, said it was raising prices further this month in response to rising supply and energy costs and said it had no indication retailers were holding back. \u201cThey accept the price increases,\u201d Henric Andersson, CEO of the Swedish group, told Reuters after the earnings report. \u2013 Rappler.com"},{"headline":"If elected, Leody de Guzman will first solve hunger, malnutrition","date":"Apr 21, 2022 8:39 PM PHT","author":"Jairo Bolledo","full_article":"MANILA, Philippines \u2013 Labor leader and presidential candidate Leody de Guzman said if he wins on May 9, he would first solve the country\u2019s problem with hunger and malnutrition. De Guzman said he wanted to focus in developing rural areas in his first 100 days if elected as the country\u2019s next leader. \u201cAng program namin talaga ay resolbahin \u2019yong kagutuman sa ating bansa. \u2019Yong malnutrisyon sa ating bansa, kaya magfo-focus kami ni Walden sa pagpapaunlad ng ating kanayunan. (Our programs really want to resolve the problem of hunger in the country. The malnutrition in our country, Walden and I will focus on developing our rural areas),\u201d the labor leader said. The labor leader is running as the standard bearer of Partido Lakas ng Masa, with Walden Bello as his running mate. The main platforms of the tandem are anchored in economic reforms and social development. Based on the December 2021 survey of the Social Weather Stations, an estimated three million Filipinos experienced involuntary hunger. Meanwhile, according to the data of the Philippine Statistics Authority, at least 4,844 Filipinos died of malnutrition from January to October 2021. De Guzman said he would also focus on strengthening the country\u2019s agricultural sector. \u201cAgad talagang magkaroon, magkaroon ng klaro na irere-orient natin \u2019yong sistema ng ating ekonomiya. Mag-focus tayo sa agriculture. Paunlarin natin \u2019yong agriculture\u2026Buksan natin \u2019yong industriya at pagpapaunlad niyan ng ating industriya, \u2019yon ang ating gagawin,\u201d the labor leader said. (We would immediately have a clear reorientation of our economic system. We will focus on agriculture. We should develop our agriculture. We will open our industries and its development.) The labor leader said he would implement these immediate plans under his main agenda: his Labor First Policy. \u201cLahat sa framework yan, sa framework ng Labor First Policy. \u2019Yon ang framework agad na dapat ay mga manggagawa muna ang unahin. Kapag sinabi ko Maria na manggagawa muna ang ibig kong sabihin diyan ay mga taong kinakailangan magtrabaho para mabuhay. Sila \u2019yong, sila \u2019yong ating dapat paglingkuran,\u201d De Guzman said. (All of these will be under the framework of Labor First Policy. That\u2019s the framework that workers should be prioritized. When I say workers first, Maria, that means people who need to work to survive. We should serve them.) De Guzman\u2019s Labor First Policy includes ending contractualization, raising the minimum wage to P750 and streamlining it across the country. The labor leader would also ban manpower agencies under his policy. \u2013 Rappler.com"},{"headline":"Russian central bank eyes rate cut, warns of structural changes to economy","date":"Apr 22, 2022 8:40 AM PHT","author":"Reuters","full_article":"Russia\u2019s central bank will consider cutting its key interest rate further at upcoming board meetings, Governor Elvira Nabiullina said on Thursday, April 21, flagging economic challenges the country faces as it tries to blunt the impact of Western sanctions over Ukraine. Nabiullina also said Russia is looking at adjustments to its foreign exchange controls to avoid situations where the rouble exchange rate deviates on a shadow market from official levels. As she begins her new five-year stint in charge of monetary policy, Nabiullina will have to deal with a full-scale economic crisis, tackling uncertainty stemming from Western sanctions. The central bank\u2019s emergency rate hike to 20% in late February helped stabilize the rouble and overcome a spike in inflation, Nabiullina said. The bank then cut the interest rate to 17% on April 8. Its next board meeting is on April 29. \u201cWe will consider the possibility of its further reduction at upcoming meetings,\u201d Nabiullina said, speaking in the lower house of parliament, the Duma. She did not say if a cut was likely at next week\u2019s meeting. Andrei Kostin, head of Russia\u2019s second largest lender VTB, which is targeted by Western sanctions, said on Thursday he expected the central bank to cut the key rate to 15% this month and to 12% to 13% by the end of the year, TASS news agency reported. Inflation in Russia now stands at 17.6% and is on track to accelerate to 22% this year, while the economy is set to shrink by 9.2% in 2022, according to a poll of economists conducted by the central bank in April. Nabiullina warned that Russia, which saw its strongest economic growth in 13 years in 2021, at 4.7%, will now undergo structural changes as its access to the global financial system and trade is limited by tough Western sanctions. \u201cProblems may arise even when there is a production with a high degree of localization, when there has already been a fairly high import substitution,\u201d Nabiullina said. For example, she said, Russia produces its own paper but uses foreign bleaching agents, or urgently needs foreign-made packing materials for food stuff produced in Russia. \u201cIt all takes time,\u201d she said. The country is facing capital flight while grappling with a possible debt default after the West imposed sanctions on banks, businesses, and individuals following what Moscow calls a \u201cspecial military operation\u201d in Ukraine. Nabiullina also said Russia aims to extend the number of countries that accept Russia\u2019s Mir banking cards, an alternative to Visa and MasterCard which have joined other Western firms and suspended their operations in Russia. Mir and China\u2019s UnionPay are among the few options left for Russians to make payments abroad since Russian banks were isolated from the global financial system as part of the sanctions. \u2013 Rappler.com"},{"headline":"Olsen Racela hopes win over NU serves as \u2018turning point\u2019 of FEU\u2019s season","date":"Apr 21, 2022 11:43 PM PHT","author":"Martin Mendoza","full_article":"MANILA, Philippines \u2013 FEU Tamaraws head coach Olsen Racela can finally breathe a sigh of relief as they halted their three-game losing streak with a hard-earned 59-57 win over the NU Bulldogs on Thursday, April 21. After being down by as many as 14 points in the third quarter, the Tamaraws completed a huge come-from-behind escape, thanks to the heroics of Xyrus Torres, who delivered the game-winning triple with just 2 seconds remaining. And for Racela, he hopes that the gutsy win will serve as the turning point of the Tamaraws\u2019 tumultuous season as they are now currently in a three-way tie with the Bulldogs and the Adamson Soaring Falcons at the fourth spot with a 4-6 record. \u201cThis is the first time that we\u2019re tied at the top four, so we\u2019re hoping that this will be the turning point of our season,\u201d said Racela, who also praised the Tamaraws for showing character and trusting each other during the critical moments of the ball game. With only four games left in the second round and their playoff hopes still hanging in the balance, Racela asks for consistency from his wards, especially coming from a confidence-boosting victory. \u201cGamitin lang namin itong panalong ito for us to be more consistent,\u201d said Racela. (We just have to use this win for us to be more consistent.) \u201cWe\u2019ve gone through a lot this season and this win would definitely boost our confidence,\u201d he added. The Tamaraws will look to improve further their Final Four chances when they take on the winless UE Red Warriors on Saturday, April 23, at 7 pm. \u2013 Rappler.com"},{"headline":"Florida set to strip Disney of self-governing status in dispute over LGBTQ law","date":"Apr 22, 2022 8:34 AM PHT","author":"Reuters","full_article":"Florida lawmakers\u00a0on\u00a0Thursday, April 21, gave their final approval to\u00a0a bill\u00a0ending\u00a0Walt Disney Co\u2019sDIS.N\u00a0designation as a self-governing entity in an apparent response to its opposition to a new state law limiting\u00a0the teaching\u00a0of LGBTQ issues in schools. Losing the designation may represent a big blow to Disney\u2019s sprawling Orlando theme parks, which for over half a century have managed to operate with a high degree of autonomy, with the freedom to control everything from road maintenance to building projects. Even so, experts say the financial impact of the legislation on the company and the state is still unclear. Governor Ron DeSantis, a potential 2024 Republican presidential nominee who fiercely backs the ban on classroom instruction on sexual orientation and gender identity for children under age nine, is\u00a0expected to sign the bill into law. The bill would effectively strip Disney of a status that allowed the company to self-govern an area of roughly 25,000-acres in Central Florida where Walt Disney World resort is located. The area called the\u00a0Reedy Creek Improvement District\u00a0encompasses four Disney theme parks, two water parks and 175 miles of roadway, and functions like a county government, providing services such as fire-fighting, power, water and roads within the\u00a0Orange and Osceola counties. Disney, whose Florida resort is known the world over for its pristine streets, colorful rides and family-friendly image, in turn gets relief from taxes and fees. The special status also allows the district to issue bonds with tax advantages to pay for improvements and for Disney to avoid the process of obtaining building permits for some projects. The Florida Parental Rights in Education legislation is one of a series of moves by Republican-controlled states to enact new restrictions on public education in the run-up to the midterm elections later in 2022. Supporters say such measures give parents more control over their children\u2019s education, but opponents say they mostly unfairly infringe the rights of transgender and other marginalized students. Disney initially failed\u00a0to publicly oppose the\u00a0legislation, prompting criticism last month by many in the LGBTQ community and some employees. Later Disney\u00a0condemned the law\u00a0and said it would suspend\u00a0political donations in Florida\u00a0pending a review. In a surprise move, DeSantis asked the legislature to consider the bill to strip Disney of its status during\u00a0a special session he called this week. It was filed and passed within just three days.\u00a0The change would go into effect in June 2023. \u201cBy trying to bring California values to Florida, Floridians have said, \u2018All right, you\u2019re a guest in our state. Maybe you don\u2019t deserve special privileges anymore,'\u201d state Representative Randy Fine,\u00a0a Republican who is lead sponsor of the bill,\u00a0told CNBC. On Thursday, the\u00a0Florida\u00a0House of Representatives voted 70-38 to do away with\u00a0the\u00a0special tax district created by a 1967 law that allows Disney\u00a0to self-govern the Orlando area.\u00a0On Wednesday, the state Senate approved the measure by a 23-16 vote. DeSantis, an ally of former President Donald Trump who has also courted conservative voters on issues such as immigration and abortion, did not immediately comment on the bill\u2019s passage, nor\u00a0did Disney. Disney is\u00a0historically a major political contributor in the state. In the 2020 election cycle, the company donated $4.8 million in total, including campaign funds to more than 100 individual Florida legislative members, some of whom sponsored Thursday\u2019s legislation, state records show. The company also gave more than $900,000 to the state Republican party and more than $550,000 to the Republican senatorial campaign committee, along with $300,000 to the state Democratic party and $50,000 to DeSantis. But its opposition to the new\u00a0law, dubbed \u201cdon\u2019t say gay\u201d by opponents, set off a storm of condemnation against the company by many Republicans.\u00a0It takes effect on July 1 and also prohibits such teaching that \u201cis not age appropriate or developmentally appropriate\u201d for older students. It is being challenged in court. It\u00a0is unclear\u00a0if the state or the company will be harmed most\u00a0by Thursday\u2019s move, as Disney is a major local employer andcontributor to the state\u2019s coffers, with around 70,000 staff. The Walt Disney Resort paid $780.3 million in state and local taxes in 2021, according to a fact sheet commemorating the 50th anniversary of the theme park. Orange County Tax Collector Scott Randolph said that legislation will punish local taxpayers more than Disney. \u201cYes, Disney pays a lot in taxes, but when you add up the numbers, it pushes a lot of the tax burden onto local taxpayers,\u201d he said of the bill. Disney already received many of the benefits from the special district in getting the park built and could come out ahead financially by shifting the cost of maintenance and services to the local jurisdictions, said David Ramba, executive director of the Florida Association of Special Districts. \u201cThey get to control the level of service versus leaving it to a county government,\u201d Ramba said. \u2013 Rappler.com"},{"headline":"Aika Robredo seeks NBI help over fake lewd video | Evening wRap","date":"Apr 21, 2022 10:57 PM PHT","author":"","full_article":"Today on Rappler \u2013 the latest news in the Philippines and around the world: Vice President Leni Robredo\u2019s eldest daughter Aika Robredo formally seeks the assistance of the National Bureau of Investigation Thursday, April 21, over a fabricated lewd video that circulated online. A large young crowd shows up for Isko Moreno and Aksyon Demokratiko candidates for a concert-rally in Tagbilaran, Bohol on Wednesday, April 20. Northern Mindanao police seize firearms from the security group of an agricultural company believed to be behind the attack on presidential bet Leody de Guzman\u2019s group in Bukidnon on Tuesday, April 19. Presidential candidate Vice President Leni Robredo says if she wins, the first 100 days of her presidency will be focused on sending a strong message that her administration will realize her vision of a clean government. Independence leader and Nobel laureate Jose Ramos-Horta declares victory in East Timor\u2019s presidential election. Ramos-Horta on Thursday, April 21, says he secured \u2018overwhelming\u2019 support and will now work to foster dialogue and unity. \u2013 Rappler.com"},{"headline":"100 Baguio-Benguet firms back Robredo despite red-tagging campaign","date":"Apr 22, 2022 7:30 AM PHT","author":"Sherwin de Vera","full_article":"BAGUIO CITY, Philippines\u00a0 \u2014 Masked men on board a red Tamaraw FX with no plate number defaced in the pre-dawn hours of April 21 the Leni-Kiko tarpaulins at the opposition\u2019s La Trinidad campaign headquarters They sprayed the letters \u201cNPA\u201d, the acronym of the communist New People\u2019s Army, on campaign posters of presidential aspirant Vice President Leni Robredo and her running mate senator Kiko Pangilinan. The volunteers said the vandalism happened all over town. Despite unabated red-tagging here targeting the opposition bets, their supporters, and militant politicians and party-list groups, the pink surge continues to crest in the country\u2019s summer capital. A few hours after the latest attacks, the One Baguio-Benguet Robredo People\u2019s Council (OBB-RPC) announced that 100 local business firms have endorsed Robredo and Pangilinan. The businesses ranged from national artist Ben Cabrera\u2019s museum, to various hotels and restaurants, to gas stations, health clinics, real estate companies, bookstores, arts and crafts stores, and hardware shops. \u201cPossibly, it (the attack) has something to do with the fact that there is a people\u2019s rally that is going to happen very soon, and the objective is to strike fear or to make supporters rethink that particular rally,\u201d OBB-RPC geographical coordinator Katrina Balajadia-Liggayu said in mix Filipino and English. Groups supporting Robredo\u2019s presidential run have scheduled Takder Kordi (Stand Up Kordi): Cordillera People\u2019s Rally on April 28. They have also lined up build-up activities leading to the grand event. Balajadia-Liggayu said the attacks started early in the campaign, died down, and then peaked again. \u201cIt is highly threatening. Almost all of the supporters are red-tagged,\u201d the lawyer added. But, Balajadia-Liggayu said, \u201cwe know that in Baguio and Benguet, we are safe.\u201d  This city is viewed as part of the \u201cSolid North\u201d areas on Luzon\u2019s northern flank that have been the traditional bailiwick of the late dictator Ferdinand Marcos and his heirs. The dictator\u2019s son and namesake is the leading presidential contender but Robredo volunteers have managed to gather large numbers in a number of places like Pangasinan. Baguio Kakampinks\u2019 latest campaign event bathed the famous Burnham Lake in a rose glow on Wednesday, April 20. About 60 boats carrying both young and old merged at the lake\u2019s center, as 200 volunteers holding pink lights sang Robredo campaign songs. HAPPENING NOW. Pinkify Burnham led by Sarrangola ng Pag-asa, 50 boats now on Burnham Lake with an aberage of 4 persons on each boat. pic.twitter.com\/y2rgZST0If Artist and director Karlo Altomonte said the affair is part of the Saranggola ng Pag-asa (Kite of Hope), a nationwide initiative of Katipunan sa Kultura at Kasaysayan led by National Artists Virgilio Almario, Benedicto Cabrera, Ryan Cayabyab, and Alice Reyes, among others. In Baguio and Benguet, the series of activities for the project will culminate on April 23. \u201cWe will weave these (activities) into a video that will highlight the four elements of nature \u2013 Earth, Wind, Fire, and Water. The poetry of Frank [Cimatu] accompanied by a nose flute represents Wind. The bonfire activity at the Carantes Forest [on April 17] signified Fire,\u201d he explained. Altomonte said the Earth activity will be their meeting and sustainable farming workshop on April 22 with vegetable planters in the towns of Atok and Tublay.\u00a0\u2013 Rappler.com Sherwin De Vera is a Luzon-based journalist and an awardee of the Aries Rufo Journalism Fellowship."},{"headline":"Debate venue Sofitel threatens to back out over Comelec contractor\u2019s P14-million debt","date":"Apr 21, 2022 8:37 PM PHT","author":"Dwight de Leon","full_article":"MANILA, Philippines \u2013 The final debates organized by the Commission on Elections (Comelec) that are scheduled on Saturday and Sunday, April 23 and 24, run the risk of cancellation after the poll body\u2019s contractor failed to fully pay Sofitel Garden Plaza, the official venue for the highly anticipated debate series. Rappler learned that lawyers of Philippine Plaza Holdings (PPHI), owner of Sofitel, sent a demand letter to Impact Hub Manila, the Comelec\u2019s partner for the PiliPinas Debates, on Wednesday, April 20. The letter said checks signed by Impact Hub Manila chief executive officer Ces Rondario were \u201cdishonored\u201d by the banks \u201cfor being drawn against insufficient funds.\u201d Under the agreement between PPHI and Impact Hub Manila, the latter is required to pay a total of P20.5 million in four installments from March 16 to April 20. PPHI has yet to receive P14.095 million, however, due to the checks that bounced. \u201cUnless our client is paid the full outstanding balance of P14,095,000 in either cash or through credit card by 12 noon tomorrow (Thursday, April 21), our client will be constrained to suspend all its remaining deliverables under the event contract,\u201d the demand letter read. A source told Rappler that Impact Hub Manila has yet to settle its obligations as of Thursday. The 2022 elections is a first for Impact Hub Manila. During a memorandum of agreement signing in March, Rondario said Vote Pilipinas started when she realized only after the 2019 midterm polls that 70% of her team in an earlier company were not registered voters. Impact Hub Manila is the Comelec\u2019s production partner for the staging of the debate series. Its funders are unclear. Rappler tried to call Rondario multiple times, but was unable to reach her. (Editor\u2019s Note: An earlier version of this story quoted a Vote Pilipinas representative about the debate schedule, but the representative later clarified only Rondario can speak on behalf of Vote Pilipinas.) In a TeleRadyo interview on Thursday night, Comelec Commissioner George Garcia told the public to \u201cwatch out\u201d for the poll body\u2019s press conference on Friday morning, April 22, when asked whether the debates would push through. He, however, maintained that Sofitel remains to be the debate venue. On the issue of bounced checks, Garcia said: \u201cThe one who should answer that issue is the owner of the check. But the Comelec, definitely, will not issue bounced checks.\u201d \u2013 Rappler.com"}]