[{"rdex":"#001Ce","ndex":"#650","name":"Chespin","type_1":"Grass","type_2":"","category":"Normal Form Single Type","pokemon_wiki_url":"bulbapedia.bulbagarden.net\/wiki\/Chespin_(Pok%C3%A9mon)"},{"rdex":"#002Ce","ndex":"#651","name":"Quilladin","type_1":"Grass","type_2":"","category":"Normal Form Single Type","pokemon_wiki_url":"bulbapedia.bulbagarden.net\/wiki\/Quilladin_(Pok%C3%A9mon)"},{"rdex":"#003Ce","ndex":"#652","name":"Chesnaught","type_1":"Grass","type_2":"Fighting","category":"Normal Form Double Type","pokemon_wiki_url":"bulbapedia.bulbagarden.net\/wiki\/Chesnaught_(Pok%C3%A9mon)"},{"rdex":"#004Ce","ndex":"#653","name":"Fennekin","type_1":"Fire","type_2":"","category":"Normal Form Single Type","pokemon_wiki_url":"bulbapedia.bulbagarden.net\/wiki\/Fennekin_(Pok%C3%A9mon)"},{"rdex":"#005Ce","ndex":"#654","name":"Braixen","type_1":"Fire","type_2":"","category":"Normal Form Single Type","pokemon_wiki_url":"bulbapedia.bulbagarden.net\/wiki\/Braixen_(Pok%C3%A9mon)"},{"rdex":"#006Ce","ndex":"#655","name":"Delphox","type_1":"Fire","type_2":"Psychic","category":"Normal Form Double Type","pokemon_wiki_url":"bulbapedia.bulbagarden.net\/wiki\/Delphox_(Pok%C3%A9mon)"},{"rdex":"#007Ce","ndex":"#656","name":"Froakie","type_1":"Water","type_2":"","category":"Normal Form Single Type","pokemon_wiki_url":"bulbapedia.bulbagarden.net\/wiki\/Froakie_(Pok%C3%A9mon)"},{"rdex":"#008Ce","ndex":"#657","name":"Frogadier","type_1":"Water","type_2":"","category":"Normal Form Single Type","pokemon_wiki_url":"bulbapedia.bulbagarden.net\/wiki\/Frogadier_(Pok%C3%A9mon)"},{"rdex":"#009Ce","ndex":"#658","name":"Greninja","type_1":"Water","type_2":"Dark","category":"Normal Form Double Type","pokemon_wiki_url":"bulbapedia.bulbagarden.net\/wiki\/Greninja_(Pok%C3%A9mon)"},{"rdex":"#010Ce","ndex":"#659","name":"Bunnelby","type_1":"Normal","type_2":"","category":"Normal Form Single Type","pokemon_wiki_url":"bulbapedia.bulbagarden.net\/wiki\/Bunnelby_(Pok%C3%A9mon)"},{"rdex":"#011Ce","ndex":"#660","name":"Diggersby","type_1":"Normal","type_2":"Ground","category":"Normal Form Double Type","pokemon_wiki_url":"bulbapedia.bulbagarden.net\/wiki\/Diggersby_(Pok%C3%A9mon)"},{"rdex":"#014Ce","ndex":"#661","name":"Fletchling","type_1":"Normal","type_2":"Flying","category":"Normal Form Double Type","pokemon_wiki_url":"bulbapedia.bulbagarden.net\/wiki\/Fletchling_(Pok%C3%A9mon)"},{"rdex":"#015Ce","ndex":"#662","name":"Fletchinder","type_1":"Fire","type_2":"Flying","category":"Normal Form Double Type","pokemon_wiki_url":"bulbapedia.bulbagarden.net\/wiki\/Fletchinder_(Pok%C3%A9mon)"},{"rdex":"#016Ce","ndex":"#663","name":"Talonflame","type_1":"Fire","type_2":"Flying","category":"Normal Form Double Type","pokemon_wiki_url":"bulbapedia.bulbagarden.net\/wiki\/Talonflame_(Pok%C3%A9mon)"},{"rdex":"#020Ce","ndex":"#664","name":"Scatterbug","type_1":"Bug","type_2":"","category":"Normal Form Single Type","pokemon_wiki_url":"bulbapedia.bulbagarden.net\/wiki\/Scatterbug_(Pok%C3%A9mon)"},{"rdex":"#021Ce","ndex":"#665","name":"Spewpa","type_1":"Bug","type_2":"","category":"Normal Form Single Type","pokemon_wiki_url":"bulbapedia.bulbagarden.net\/wiki\/Spewpa_(Pok%C3%A9mon)"},{"rdex":"#022Ce","ndex":"#666","name":"Vivillon","type_1":"Bug","type_2":"Flying","category":"Normal Form Double Type","pokemon_wiki_url":"bulbapedia.bulbagarden.net\/wiki\/Vivillon_(Pok%C3%A9mon)"},{"rdex":"#057Ce","ndex":"#667","name":"Litleo","type_1":"Fire","type_2":"Normal","category":"Normal Form Double Type","pokemon_wiki_url":"bulbapedia.bulbagarden.net\/wiki\/Litleo_(Pok%C3%A9mon)"},{"rdex":"#058Ce","ndex":"#668","name":"Pyroar","type_1":"Fire","type_2":"Normal","category":"Normal Form Double Type","pokemon_wiki_url":"bulbapedia.bulbagarden.net\/wiki\/Pyroar_(Pok%C3%A9mon)"},{"rdex":"#068Ce","ndex":"#669","name":"Flab\u00e9b\u00e9","type_1":"Fairy","type_2":"","category":"Normal Form Single Type","pokemon_wiki_url":"bulbapedia.bulbagarden.net\/wiki\/Flab%C3%A9b%C3%A9_(Pok%C3%A9mon)"},{"rdex":"#069Ce","ndex":"#670","name":"Floette","type_1":"Fairy","type_2":"","category":"Normal Form Single Type","pokemon_wiki_url":"bulbapedia.bulbagarden.net\/wiki\/Floette_(Pok%C3%A9mon)"},{"rdex":"#070Ce","ndex":"#671","name":"Florges","type_1":"Fairy","type_2":"","category":"Normal Form Single Type","pokemon_wiki_url":"bulbapedia.bulbagarden.net\/wiki\/Florges_(Pok%C3%A9mon)"},{"rdex":"#089Ce","ndex":"#672","name":"Skiddo","type_1":"Grass","type_2":"","category":"Normal Form Single Type","pokemon_wiki_url":"bulbapedia.bulbagarden.net\/wiki\/Skiddo_(Pok%C3%A9mon)"},{"rdex":"#090Ce","ndex":"#673","name":"Gogoat","type_1":"Grass","type_2":"","category":"Normal Form Single Type","pokemon_wiki_url":"bulbapedia.bulbagarden.net\/wiki\/Gogoat_(Pok%C3%A9mon)"},{"rdex":"#091Ce","ndex":"#674","name":"Pancham","type_1":"Fighting","type_2":"","category":"Normal Form Single Type","pokemon_wiki_url":"bulbapedia.bulbagarden.net\/wiki\/Pancham_(Pok%C3%A9mon)"},{"rdex":"#092Ce","ndex":"#675","name":"Pangoro","type_1":"Fighting","type_2":"Dark","category":"Normal Form Double Type","pokemon_wiki_url":"bulbapedia.bulbagarden.net\/wiki\/Pangoro_(Pok%C3%A9mon)"},{"rdex":"#093Ce","ndex":"#676","name":"Furfrou","type_1":"Normal","type_2":"","category":"Normal Form Single Type","pokemon_wiki_url":"bulbapedia.bulbagarden.net\/wiki\/Furfrou_(Pok%C3%A9mon)"},{"rdex":"#114Ce","ndex":"#677","name":"Espurr","type_1":"Psychic","type_2":"","category":"Normal Form Single Type","pokemon_wiki_url":"bulbapedia.bulbagarden.net\/wiki\/Espurr_(Pok%C3%A9mon)"},{"rdex":"#115Ce","ndex":"#678","name":"Meowstic","type_1":"Psychic","type_2":"","category":"Normal Form Single Type","pokemon_wiki_url":"bulbapedia.bulbagarden.net\/wiki\/Meowstic_(Pok%C3%A9mon)"},{"rdex":"#117Ce","ndex":"#679","name":"Honedge","type_1":"Steel","type_2":"Ghost","category":"Normal Form Double Type","pokemon_wiki_url":"bulbapedia.bulbagarden.net\/wiki\/Honedge_(Pok%C3%A9mon)"},{"rdex":"#118Ce","ndex":"#680","name":"Doublade","type_1":"Steel","type_2":"Ghost","category":"Normal Form Double Type","pokemon_wiki_url":"bulbapedia.bulbagarden.net\/wiki\/Doublade_(Pok%C3%A9mon)"},{"rdex":"#119Ce","ndex":"#681","name":"Aegislash","type_1":"Steel","type_2":"Ghost","category":"Normal Form Double Type","pokemon_wiki_url":"bulbapedia.bulbagarden.net\/wiki\/Aegislash_(Pok%C3%A9mon)"},{"rdex":"#129Ce","ndex":"#682","name":"Spritzee","type_1":"Fairy","type_2":"","category":"Normal Form Single Type","pokemon_wiki_url":"bulbapedia.bulbagarden.net\/wiki\/Spritzee_(Pok%C3%A9mon)"},{"rdex":"#130Ce","ndex":"#683","name":"Aromatisse","type_1":"Fairy","type_2":"","category":"Normal Form Single Type","pokemon_wiki_url":"bulbapedia.bulbagarden.net\/wiki\/Aromatisse_(Pok%C3%A9mon)"},{"rdex":"#131Ce","ndex":"#684","name":"Swirlix","type_1":"Fairy","type_2":"","category":"Normal Form Single Type","pokemon_wiki_url":"bulbapedia.bulbagarden.net\/wiki\/Swirlix_(Pok%C3%A9mon)"},{"rdex":"#132Ce","ndex":"#685","name":"Slurpuff","type_1":"Fairy","type_2":"","category":"Normal Form Single Type","pokemon_wiki_url":"bulbapedia.bulbagarden.net\/wiki\/Slurpuff_(Pok%C3%A9mon)"},{"rdex":"#010Co","ndex":"#686","name":"Inkay","type_1":"Dark","type_2":"Psychic","category":"Normal Form Double Type","pokemon_wiki_url":"bulbapedia.bulbagarden.net\/wiki\/Inkay_(Pok%C3%A9mon)"},{"rdex":"#011Co","ndex":"#687","name":"Malamar","type_1":"Dark","type_2":"Psychic","category":"Normal Form Double Type","pokemon_wiki_url":"bulbapedia.bulbagarden.net\/wiki\/Malamar_(Pok%C3%A9mon)"},{"rdex":"#021Co","ndex":"#688","name":"Binacle","type_1":"Rock","type_2":"Water","category":"Normal Form Double Type","pokemon_wiki_url":"bulbapedia.bulbagarden.net\/wiki\/Binacle_(Pok%C3%A9mon)"},{"rdex":"#022Co","ndex":"#689","name":"Barbaracle","type_1":"Rock","type_2":"Water","category":"Normal Form Double Type","pokemon_wiki_url":"bulbapedia.bulbagarden.net\/wiki\/Barbaracle_(Pok%C3%A9mon)"},{"rdex":"#030Co","ndex":"#690","name":"Skrelp","type_1":"Poison","type_2":"Water","category":"Normal Form Double Type","pokemon_wiki_url":"bulbapedia.bulbagarden.net\/wiki\/Skrelp_(Pok%C3%A9mon)"},{"rdex":"#031Co","ndex":"#691","name":"Dragalge","type_1":"Poison","type_2":"Dragon","category":"Normal Form Double Type","pokemon_wiki_url":"bulbapedia.bulbagarden.net\/wiki\/Dragalge_(Pok%C3%A9mon)"},{"rdex":"#032Co","ndex":"#692","name":"Clauncher","type_1":"Water","type_2":"","category":"Normal Form Single Type","pokemon_wiki_url":"bulbapedia.bulbagarden.net\/wiki\/Clauncher_(Pok%C3%A9mon)"},{"rdex":"#033Co","ndex":"#693","name":"Clawitzer","type_1":"Water","type_2":"","category":"Normal Form Single Type","pokemon_wiki_url":"bulbapedia.bulbagarden.net\/wiki\/Clawitzer_(Pok%C3%A9mon)"},{"rdex":"#046Co","ndex":"#694","name":"Helioptile","type_1":"Electric","type_2":"Normal","category":"Normal Form Double Type","pokemon_wiki_url":"bulbapedia.bulbagarden.net\/wiki\/Helioptile_(Pok%C3%A9mon)"},{"rdex":"#047Co","ndex":"#695","name":"Heliolisk","type_1":"Electric","type_2":"Normal","category":"Normal Form Double Type","pokemon_wiki_url":"bulbapedia.bulbagarden.net\/wiki\/Heliolisk_(Pok%C3%A9mon)"},{"rdex":"#064Co","ndex":"#696","name":"Tyrunt","type_1":"Rock","type_2":"Dragon","category":"Normal Form Double Type","pokemon_wiki_url":"bulbapedia.bulbagarden.net\/wiki\/Tyrunt_(Pok%C3%A9mon)"},{"rdex":"#065Co","ndex":"#697","name":"Tyrantrum","type_1":"Rock","type_2":"Dragon","category":"Normal Form Double Type","pokemon_wiki_url":"bulbapedia.bulbagarden.net\/wiki\/Tyrantrum_(Pok%C3%A9mon)"},{"rdex":"#066Co","ndex":"#698","name":"Amaura","type_1":"Rock","type_2":"Ice","category":"Normal Form Double Type","pokemon_wiki_url":"bulbapedia.bulbagarden.net\/wiki\/Amaura_(Pok%C3%A9mon)"},{"rdex":"#067Co","ndex":"#699","name":"Aurorus","type_1":"Rock","type_2":"Ice","category":"Normal Form Double Type","pokemon_wiki_url":"bulbapedia.bulbagarden.net\/wiki\/Aurorus_(Pok%C3%A9mon)"},{"rdex":"#085Co","ndex":"#700","name":"Sylveon","type_1":"Fairy","type_2":"","category":"Normal Form Single Type","pokemon_wiki_url":"bulbapedia.bulbagarden.net\/wiki\/Sylveon_(Pok%C3%A9mon)"},{"rdex":"#089Co","ndex":"#701","name":"Hawlucha","type_1":"Fighting","type_2":"Flying","category":"Normal Form Double Type","pokemon_wiki_url":"bulbapedia.bulbagarden.net\/wiki\/Hawlucha_(Pok%C3%A9mon)"},{"rdex":"#110Co","ndex":"#702","name":"Dedenne","type_1":"Electric","type_2":"Fairy","category":"Normal Form Double Type","pokemon_wiki_url":"bulbapedia.bulbagarden.net\/wiki\/Dedenne_(Pok%C3%A9mon)"},{"rdex":"#124Co","ndex":"#703","name":"Carbink","type_1":"Rock","type_2":"Fairy","category":"Normal Form Double Type","pokemon_wiki_url":"bulbapedia.bulbagarden.net\/wiki\/Carbink_(Pok%C3%A9mon)"},{"rdex":"#019Mo","ndex":"#704","name":"Goomy","type_1":"Dragon","type_2":"","category":"Normal Form Single Type","pokemon_wiki_url":"bulbapedia.bulbagarden.net\/wiki\/Goomy_(Pok%C3%A9mon)"},{"rdex":"#020Mo","ndex":"#705","name":"Sliggoo","type_1":"Dragon","type_2":"","category":"Normal Form Single Type","pokemon_wiki_url":"bulbapedia.bulbagarden.net\/wiki\/Sliggoo_(Pok%C3%A9mon)"},{"rdex":"","ndex":"#705","name":"Sliggoo","type_1":"Steel","type_2":"Dragon","category":"Regional Form Double Type","pokemon_wiki_url":"bulbapedia.bulbagarden.net\/wiki\/Sliggoo_(Pok%C3%A9mon)"},{"rdex":"#021Mo","ndex":"#706","name":"Goodra","type_1":"Dragon","type_2":"","category":"Normal Form Single Type","pokemon_wiki_url":"bulbapedia.bulbagarden.net\/wiki\/Goodra_(Pok%C3%A9mon)"},{"rdex":"","ndex":"#706","name":"Goodra","type_1":"Steel","type_2":"Dragon","category":"Regional Form Double Type","pokemon_wiki_url":"bulbapedia.bulbagarden.net\/wiki\/Goodra_(Pok%C3%A9mon)"},{"rdex":"#050Mo","ndex":"#707","name":"Klefki","type_1":"Steel","type_2":"Fairy","category":"Normal Form Double Type","pokemon_wiki_url":"bulbapedia.bulbagarden.net\/wiki\/Klefki_(Pok%C3%A9mon)"},{"rdex":"#061Mo","ndex":"#708","name":"Phantump","type_1":"Ghost","type_2":"Grass","category":"Normal Form Double Type","pokemon_wiki_url":"bulbapedia.bulbagarden.net\/wiki\/Phantump_(Pok%C3%A9mon)"},{"rdex":"#062Mo","ndex":"#709","name":"Trevenant","type_1":"Ghost","type_2":"Grass","category":"Normal Form Double Type","pokemon_wiki_url":"bulbapedia.bulbagarden.net\/wiki\/Trevenant_(Pok%C3%A9mon)"},{"rdex":"#063Mo","ndex":"#710","name":"Pumpkaboo","type_1":"Ghost","type_2":"Grass","category":"Normal Form Double Type","pokemon_wiki_url":"bulbapedia.bulbagarden.net\/wiki\/Pumpkaboo_(Pok%C3%A9mon)"},{"rdex":"#064Mo","ndex":"#711","name":"Gourgeist","type_1":"Ghost","type_2":"Grass","category":"Normal Form Double Type","pokemon_wiki_url":"bulbapedia.bulbagarden.net\/wiki\/Gourgeist_(Pok%C3%A9mon)"},{"rdex":"#079Mo","ndex":"#712","name":"Bergmite","type_1":"Ice","type_2":"","category":"Normal Form Single Type","pokemon_wiki_url":"bulbapedia.bulbagarden.net\/wiki\/Bergmite_(Pok%C3%A9mon)"},{"rdex":"#080Mo","ndex":"#713","name":"Avalugg","type_1":"Ice","type_2":"","category":"Normal Form Single Type","pokemon_wiki_url":"bulbapedia.bulbagarden.net\/wiki\/Avalugg_(Pok%C3%A9mon)"},{"rdex":"","ndex":"#713","name":"Avalugg","type_1":"Ice","type_2":"Rock","category":"Regional Form Double Type","pokemon_wiki_url":"bulbapedia.bulbagarden.net\/wiki\/Avalugg_(Pok%C3%A9mon)"},{"rdex":"#113Mo","ndex":"#714","name":"Noibat","type_1":"Flying","type_2":"Dragon","category":"Normal Form Double Type","pokemon_wiki_url":"bulbapedia.bulbagarden.net\/wiki\/Noibat_(Pok%C3%A9mon)"},{"rdex":"#114Mo","ndex":"#715","name":"Noivern","type_1":"Flying","type_2":"Dragon","category":"Normal Form Double Type","pokemon_wiki_url":"bulbapedia.bulbagarden.net\/wiki\/Noivern_(Pok%C3%A9mon)"},{"rdex":"#148Mo","ndex":"#716","name":"Xerneas","type_1":"Fairy","type_2":"","category":"Normal Form Single Type","pokemon_wiki_url":"bulbapedia.bulbagarden.net\/wiki\/Xerneas_(Pok%C3%A9mon)"},{"rdex":"#149Mo","ndex":"#717","name":"Yveltal","type_1":"Dark","type_2":"Flying","category":"Normal Form Double Type","pokemon_wiki_url":"bulbapedia.bulbagarden.net\/wiki\/Yveltal_(Pok%C3%A9mon)"},{"rdex":"#150Mo","ndex":"#718","name":"Zygarde","type_1":"Dragon","type_2":"Ground","category":"Normal Form Double Type","pokemon_wiki_url":"bulbapedia.bulbagarden.net\/wiki\/Zygarde_(Pok%C3%A9mon)"},{"rdex":"#151Ce","ndex":"#719","name":"Diancie","type_1":"Rock","type_2":"Fairy","category":"Normal Form Double Type","pokemon_wiki_url":"bulbapedia.bulbagarden.net\/wiki\/Diancie_(Pok%C3%A9mon)"},{"rdex":"#152Ce","ndex":"#720","name":"Hoopa","type_1":"Psychic","type_2":"Ghost","category":"Normal Form Double Type","pokemon_wiki_url":"bulbapedia.bulbagarden.net\/wiki\/Hoopa_(Pok%C3%A9mon)"},{"rdex":"#152Ce","ndex":"#720","name":"Hoopa","type_1":"Psychic","type_2":"Dark","category":"Normal Form Double Type","pokemon_wiki_url":"bulbapedia.bulbagarden.net\/wiki\/Hoopa_(Pok%C3%A9mon)"},{"rdex":"#153Ce","ndex":"#721","name":"Volcanion","type_1":"Fire","type_2":"Water","category":"Normal Form Double Type","pokemon_wiki_url":"bulbapedia.bulbagarden.net\/wiki\/Volcanion_(Pok%C3%A9mon)"}]