[{"rdex":"#001","ndex":"#252","name":"Treecko","type_1":"Grass","type_2":"","category":"Normal Form Single Type","pokemon_wiki_url":"bulbapedia.bulbagarden.net\/wiki\/Treecko_(Pok%C3%A9mon)"},{"rdex":"#002","ndex":"#253","name":"Grovyle","type_1":"Grass","type_2":"","category":"Normal Form Single Type","pokemon_wiki_url":"bulbapedia.bulbagarden.net\/wiki\/Grovyle_(Pok%C3%A9mon)"},{"rdex":"#003","ndex":"#254","name":"Sceptile","type_1":"Grass","type_2":"","category":"Normal Form Single Type","pokemon_wiki_url":"bulbapedia.bulbagarden.net\/wiki\/Sceptile_(Pok%C3%A9mon)"},{"rdex":"#004","ndex":"#255","name":"Torchic","type_1":"Fire","type_2":"","category":"Normal Form Single Type","pokemon_wiki_url":"bulbapedia.bulbagarden.net\/wiki\/Torchic_(Pok%C3%A9mon)"},{"rdex":"#005","ndex":"#256","name":"Combusken","type_1":"Fire","type_2":"Fighting","category":"Normal Form Double Type","pokemon_wiki_url":"bulbapedia.bulbagarden.net\/wiki\/Combusken_(Pok%C3%A9mon)"},{"rdex":"#006","ndex":"#257","name":"Blaziken","type_1":"Fire","type_2":"Fighting","category":"Normal Form Double Type","pokemon_wiki_url":"bulbapedia.bulbagarden.net\/wiki\/Blaziken_(Pok%C3%A9mon)"},{"rdex":"#007","ndex":"#258","name":"Mudkip","type_1":"Water","type_2":"","category":"Normal Form Single Type","pokemon_wiki_url":"bulbapedia.bulbagarden.net\/wiki\/Mudkip_(Pok%C3%A9mon)"},{"rdex":"#008","ndex":"#259","name":"Marshtomp","type_1":"Water","type_2":"Ground","category":"Normal Form Double Type","pokemon_wiki_url":"bulbapedia.bulbagarden.net\/wiki\/Marshtomp_(Pok%C3%A9mon)"},{"rdex":"#009","ndex":"#260","name":"Swampert","type_1":"Water","type_2":"Ground","category":"Normal Form Double Type","pokemon_wiki_url":"bulbapedia.bulbagarden.net\/wiki\/Swampert_(Pok%C3%A9mon)"},{"rdex":"#010","ndex":"#261","name":"Poochyena","type_1":"Dark","type_2":"","category":"Normal Form Single Type","pokemon_wiki_url":"bulbapedia.bulbagarden.net\/wiki\/Poochyena_(Pok%C3%A9mon)"},{"rdex":"#011","ndex":"#262","name":"Mightyena","type_1":"Dark","type_2":"","category":"Normal Form Single Type","pokemon_wiki_url":"bulbapedia.bulbagarden.net\/wiki\/Mightyena_(Pok%C3%A9mon)"},{"rdex":"#012","ndex":"#263","name":"Zigzagoon","type_1":"Normal","type_2":"","category":"Normal Form Single Type","pokemon_wiki_url":"bulbapedia.bulbagarden.net\/wiki\/Zigzagoon_(Pok%C3%A9mon)"},{"rdex":"","ndex":"#263","name":"Zigzagoon","type_1":"Dark","type_2":"Normal","category":"Regional Form Double Type","pokemon_wiki_url":"bulbapedia.bulbagarden.net\/wiki\/Zigzagoon_(Pok%C3%A9mon)"},{"rdex":"#013","ndex":"#264","name":"Linoone","type_1":"Normal","type_2":"","category":"Normal Form Single Type","pokemon_wiki_url":"bulbapedia.bulbagarden.net\/wiki\/Linoone_(Pok%C3%A9mon)"},{"rdex":"","ndex":"#264","name":"Linoone","type_1":"Dark","type_2":"Normal","category":"Regional Form Double Type","pokemon_wiki_url":"bulbapedia.bulbagarden.net\/wiki\/Linoone_(Pok%C3%A9mon)"},{"rdex":"#014","ndex":"#265","name":"Wurmple","type_1":"Bug","type_2":"","category":"Normal Form Single Type","pokemon_wiki_url":"bulbapedia.bulbagarden.net\/wiki\/Wurmple_(Pok%C3%A9mon)"},{"rdex":"#015","ndex":"#266","name":"Silcoon","type_1":"Bug","type_2":"","category":"Normal Form Single Type","pokemon_wiki_url":"bulbapedia.bulbagarden.net\/wiki\/Silcoon_(Pok%C3%A9mon)"},{"rdex":"#016","ndex":"#267","name":"Beautifly","type_1":"Bug","type_2":"Flying","category":"Normal Form Double Type","pokemon_wiki_url":"bulbapedia.bulbagarden.net\/wiki\/Beautifly_(Pok%C3%A9mon)"},{"rdex":"#017","ndex":"#268","name":"Cascoon","type_1":"Bug","type_2":"","category":"Normal Form Single Type","pokemon_wiki_url":"bulbapedia.bulbagarden.net\/wiki\/Cascoon_(Pok%C3%A9mon)"},{"rdex":"#018","ndex":"#269","name":"Dustox","type_1":"Bug","type_2":"Poison","category":"Normal Form Double Type","pokemon_wiki_url":"bulbapedia.bulbagarden.net\/wiki\/Dustox_(Pok%C3%A9mon)"},{"rdex":"#019","ndex":"#270","name":"Lotad","type_1":"Water","type_2":"Grass","category":"Normal Form Double Type","pokemon_wiki_url":"bulbapedia.bulbagarden.net\/wiki\/Lotad_(Pok%C3%A9mon)"},{"rdex":"#020","ndex":"#271","name":"Lombre","type_1":"Water","type_2":"Grass","category":"Normal Form Double Type","pokemon_wiki_url":"bulbapedia.bulbagarden.net\/wiki\/Lombre_(Pok%C3%A9mon)"},{"rdex":"#021","ndex":"#272","name":"Ludicolo","type_1":"Water","type_2":"Grass","category":"Normal Form Double Type","pokemon_wiki_url":"bulbapedia.bulbagarden.net\/wiki\/Ludicolo_(Pok%C3%A9mon)"},{"rdex":"#022","ndex":"#273","name":"Seedot","type_1":"Grass","type_2":"","category":"Normal Form Single Type","pokemon_wiki_url":"bulbapedia.bulbagarden.net\/wiki\/Seedot_(Pok%C3%A9mon)"},{"rdex":"#023","ndex":"#274","name":"Nuzleaf","type_1":"Grass","type_2":"Dark","category":"Normal Form Double Type","pokemon_wiki_url":"bulbapedia.bulbagarden.net\/wiki\/Nuzleaf_(Pok%C3%A9mon)"},{"rdex":"#024","ndex":"#275","name":"Shiftry","type_1":"Grass","type_2":"Dark","category":"Normal Form Double Type","pokemon_wiki_url":"bulbapedia.bulbagarden.net\/wiki\/Shiftry_(Pok%C3%A9mon)"},{"rdex":"#025","ndex":"#276","name":"Taillow","type_1":"Normal","type_2":"Flying","category":"Normal Form Double Type","pokemon_wiki_url":"bulbapedia.bulbagarden.net\/wiki\/Taillow_(Pok%C3%A9mon)"},{"rdex":"#026","ndex":"#277","name":"Swellow","type_1":"Normal","type_2":"Flying","category":"Normal Form Double Type","pokemon_wiki_url":"bulbapedia.bulbagarden.net\/wiki\/Swellow_(Pok%C3%A9mon)"},{"rdex":"#027","ndex":"#278","name":"Wingull","type_1":"Water","type_2":"Flying","category":"Normal Form Double Type","pokemon_wiki_url":"bulbapedia.bulbagarden.net\/wiki\/Wingull_(Pok%C3%A9mon)"},{"rdex":"#028","ndex":"#279","name":"Pelipper","type_1":"Water","type_2":"Flying","category":"Normal Form Double Type","pokemon_wiki_url":"bulbapedia.bulbagarden.net\/wiki\/Pelipper_(Pok%C3%A9mon)"},{"rdex":"#029","ndex":"#280","name":"Ralts","type_1":"Psychic","type_2":"Fairy","category":"Normal Form Double Type","pokemon_wiki_url":"bulbapedia.bulbagarden.net\/wiki\/Ralts_(Pok%C3%A9mon)"},{"rdex":"#030","ndex":"#281","name":"Kirlia","type_1":"Psychic","type_2":"Fairy","category":"Normal Form Double Type","pokemon_wiki_url":"bulbapedia.bulbagarden.net\/wiki\/Kirlia_(Pok%C3%A9mon)"},{"rdex":"#031","ndex":"#282","name":"Gardevoir","type_1":"Psychic","type_2":"Fairy","category":"Normal Form Double Type","pokemon_wiki_url":"bulbapedia.bulbagarden.net\/wiki\/Gardevoir_(Pok%C3%A9mon)"},{"rdex":"#032","ndex":"#283","name":"Surskit","type_1":"Bug","type_2":"Water","category":"Normal Form Double Type","pokemon_wiki_url":"bulbapedia.bulbagarden.net\/wiki\/Surskit_(Pok%C3%A9mon)"},{"rdex":"#033","ndex":"#284","name":"Masquerain","type_1":"Bug","type_2":"Flying","category":"Normal Form Double Type","pokemon_wiki_url":"bulbapedia.bulbagarden.net\/wiki\/Masquerain_(Pok%C3%A9mon)"},{"rdex":"#034","ndex":"#285","name":"Shroomish","type_1":"Grass","type_2":"","category":"Normal Form Single Type","pokemon_wiki_url":"bulbapedia.bulbagarden.net\/wiki\/Shroomish_(Pok%C3%A9mon)"},{"rdex":"#035","ndex":"#286","name":"Breloom","type_1":"Grass","type_2":"Fighting","category":"Normal Form Double Type","pokemon_wiki_url":"bulbapedia.bulbagarden.net\/wiki\/Breloom_(Pok%C3%A9mon)"},{"rdex":"#036","ndex":"#287","name":"Slakoth","type_1":"Normal","type_2":"","category":"Normal Form Single Type","pokemon_wiki_url":"bulbapedia.bulbagarden.net\/wiki\/Slakoth_(Pok%C3%A9mon)"},{"rdex":"#037","ndex":"#288","name":"Vigoroth","type_1":"Normal","type_2":"","category":"Normal Form Single Type","pokemon_wiki_url":"bulbapedia.bulbagarden.net\/wiki\/Vigoroth_(Pok%C3%A9mon)"},{"rdex":"#038","ndex":"#289","name":"Slaking","type_1":"Normal","type_2":"","category":"Normal Form Single Type","pokemon_wiki_url":"bulbapedia.bulbagarden.net\/wiki\/Slaking_(Pok%C3%A9mon)"},{"rdex":"#042","ndex":"#290","name":"Nincada","type_1":"Bug","type_2":"Ground","category":"Normal Form Double Type","pokemon_wiki_url":"bulbapedia.bulbagarden.net\/wiki\/Nincada_(Pok%C3%A9mon)"},{"rdex":"#043","ndex":"#291","name":"Ninjask","type_1":"Bug","type_2":"Flying","category":"Normal Form Double Type","pokemon_wiki_url":"bulbapedia.bulbagarden.net\/wiki\/Ninjask_(Pok%C3%A9mon)"},{"rdex":"#044","ndex":"#292","name":"Shedinja","type_1":"Bug","type_2":"Ghost","category":"Normal Form Double Type","pokemon_wiki_url":"bulbapedia.bulbagarden.net\/wiki\/Shedinja_(Pok%C3%A9mon)"},{"rdex":"#045","ndex":"#293","name":"Whismur","type_1":"Normal","type_2":"","category":"Normal Form Single Type","pokemon_wiki_url":"bulbapedia.bulbagarden.net\/wiki\/Whismur_(Pok%C3%A9mon)"},{"rdex":"#046","ndex":"#294","name":"Loudred","type_1":"Normal","type_2":"","category":"Normal Form Single Type","pokemon_wiki_url":"bulbapedia.bulbagarden.net\/wiki\/Loudred_(Pok%C3%A9mon)"},{"rdex":"#047","ndex":"#295","name":"Exploud","type_1":"Normal","type_2":"","category":"Normal Form Single Type","pokemon_wiki_url":"bulbapedia.bulbagarden.net\/wiki\/Exploud_(Pok%C3%A9mon)"},{"rdex":"#048","ndex":"#296","name":"Makuhita","type_1":"Fighting","type_2":"","category":"Normal Form Single Type","pokemon_wiki_url":"bulbapedia.bulbagarden.net\/wiki\/Makuhita_(Pok%C3%A9mon)"},{"rdex":"#049","ndex":"#297","name":"Hariyama","type_1":"Fighting","type_2":"","category":"Normal Form Single Type","pokemon_wiki_url":"bulbapedia.bulbagarden.net\/wiki\/Hariyama_(Pok%C3%A9mon)"},{"rdex":"#054","ndex":"#298","name":"Azurill","type_1":"Normal","type_2":"Fairy","category":"Normal Form Double Type","pokemon_wiki_url":"bulbapedia.bulbagarden.net\/wiki\/Azurill_(Pok%C3%A9mon)"},{"rdex":"#060","ndex":"#299","name":"Nosepass","type_1":"Rock","type_2":"","category":"Normal Form Single Type","pokemon_wiki_url":"bulbapedia.bulbagarden.net\/wiki\/Nosepass_(Pok%C3%A9mon)"},{"rdex":"#061","ndex":"#300","name":"Skitty","type_1":"Normal","type_2":"","category":"Normal Form Single Type","pokemon_wiki_url":"bulbapedia.bulbagarden.net\/wiki\/Skitty_(Pok%C3%A9mon)"},{"rdex":"#062","ndex":"#301","name":"Delcatty","type_1":"Normal","type_2":"","category":"Normal Form Single Type","pokemon_wiki_url":"bulbapedia.bulbagarden.net\/wiki\/Delcatty_(Pok%C3%A9mon)"},{"rdex":"#068","ndex":"#302","name":"Sableye","type_1":"Dark","type_2":"Ghost","category":"Normal Form Double Type","pokemon_wiki_url":"bulbapedia.bulbagarden.net\/wiki\/Sableye_(Pok%C3%A9mon)"},{"rdex":"#069","ndex":"#303","name":"Mawile","type_1":"Steel","type_2":"Fairy","category":"Normal Form Double Type","pokemon_wiki_url":"bulbapedia.bulbagarden.net\/wiki\/Mawile_(Pok%C3%A9mon)"},{"rdex":"#070","ndex":"#304","name":"Aron","type_1":"Steel","type_2":"Rock","category":"Normal Form Double Type","pokemon_wiki_url":"bulbapedia.bulbagarden.net\/wiki\/Aron_(Pok%C3%A9mon)"},{"rdex":"#071","ndex":"#305","name":"Lairon","type_1":"Steel","type_2":"Rock","category":"Normal Form Double Type","pokemon_wiki_url":"bulbapedia.bulbagarden.net\/wiki\/Lairon_(Pok%C3%A9mon)"},{"rdex":"#072","ndex":"#306","name":"Aggron","type_1":"Steel","type_2":"Rock","category":"Normal Form Double Type","pokemon_wiki_url":"bulbapedia.bulbagarden.net\/wiki\/Aggron_(Pok%C3%A9mon)"},{"rdex":"#076","ndex":"#307","name":"Meditite","type_1":"Fighting","type_2":"Psychic","category":"Normal Form Double Type","pokemon_wiki_url":"bulbapedia.bulbagarden.net\/wiki\/Meditite_(Pok%C3%A9mon)"},{"rdex":"#077","ndex":"#308","name":"Medicham","type_1":"Fighting","type_2":"Psychic","category":"Normal Form Double Type","pokemon_wiki_url":"bulbapedia.bulbagarden.net\/wiki\/Medicham_(Pok%C3%A9mon)"},{"rdex":"#078","ndex":"#309","name":"Electrike","type_1":"Electric","type_2":"","category":"Normal Form Single Type","pokemon_wiki_url":"bulbapedia.bulbagarden.net\/wiki\/Electrike_(Pok%C3%A9mon)"},{"rdex":"#079","ndex":"#310","name":"Manectric","type_1":"Electric","type_2":"","category":"Normal Form Single Type","pokemon_wiki_url":"bulbapedia.bulbagarden.net\/wiki\/Manectric_(Pok%C3%A9mon)"},{"rdex":"#080","ndex":"#311","name":"Plusle","type_1":"Electric","type_2":"","category":"Normal Form Single Type","pokemon_wiki_url":"bulbapedia.bulbagarden.net\/wiki\/Plusle_(Pok%C3%A9mon)"},{"rdex":"#081","ndex":"#312","name":"Minun","type_1":"Electric","type_2":"","category":"Normal Form Single Type","pokemon_wiki_url":"bulbapedia.bulbagarden.net\/wiki\/Minun_(Pok%C3%A9mon)"},{"rdex":"#086","ndex":"#313","name":"Volbeat","type_1":"Bug","type_2":"","category":"Normal Form Single Type","pokemon_wiki_url":"bulbapedia.bulbagarden.net\/wiki\/Volbeat_(Pok%C3%A9mon)"},{"rdex":"#087","ndex":"#314","name":"Illumise","type_1":"Bug","type_2":"","category":"Normal Form Single Type","pokemon_wiki_url":"bulbapedia.bulbagarden.net\/wiki\/Illumise_(Pok%C3%A9mon)"},{"rdex":"#094","ndex":"#315","name":"Roselia","type_1":"Grass","type_2":"Poison","category":"Normal Form Double Type","pokemon_wiki_url":"bulbapedia.bulbagarden.net\/wiki\/Roselia_(Pok%C3%A9mon)"},{"rdex":"#095","ndex":"#316","name":"Gulpin","type_1":"Poison","type_2":"","category":"Normal Form Single Type","pokemon_wiki_url":"bulbapedia.bulbagarden.net\/wiki\/Gulpin_(Pok%C3%A9mon)"},{"rdex":"#096","ndex":"#317","name":"Swalot","type_1":"Poison","type_2":"","category":"Normal Form Single Type","pokemon_wiki_url":"bulbapedia.bulbagarden.net\/wiki\/Swalot_(Pok%C3%A9mon)"},{"rdex":"#097","ndex":"#318","name":"Carvanha","type_1":"Water","type_2":"Dark","category":"Normal Form Double Type","pokemon_wiki_url":"bulbapedia.bulbagarden.net\/wiki\/Carvanha_(Pok%C3%A9mon)"},{"rdex":"#098","ndex":"#319","name":"Sharpedo","type_1":"Water","type_2":"Dark","category":"Normal Form Double Type","pokemon_wiki_url":"bulbapedia.bulbagarden.net\/wiki\/Sharpedo_(Pok%C3%A9mon)"},{"rdex":"#099","ndex":"#320","name":"Wailmer","type_1":"Water","type_2":"","category":"Normal Form Single Type","pokemon_wiki_url":"bulbapedia.bulbagarden.net\/wiki\/Wailmer_(Pok%C3%A9mon)"},{"rdex":"#100","ndex":"#321","name":"Wailord","type_1":"Water","type_2":"","category":"Normal Form Single Type","pokemon_wiki_url":"bulbapedia.bulbagarden.net\/wiki\/Wailord_(Pok%C3%A9mon)"},{"rdex":"#101","ndex":"#322","name":"Numel","type_1":"Fire","type_2":"Ground","category":"Normal Form Double Type","pokemon_wiki_url":"bulbapedia.bulbagarden.net\/wiki\/Numel_(Pok%C3%A9mon)"},{"rdex":"#102","ndex":"#323","name":"Camerupt","type_1":"Fire","type_2":"Ground","category":"Normal Form Double Type","pokemon_wiki_url":"bulbapedia.bulbagarden.net\/wiki\/Camerupt_(Pok%C3%A9mon)"},{"rdex":"#105","ndex":"#324","name":"Torkoal","type_1":"Fire","type_2":"","category":"Normal Form Single Type","pokemon_wiki_url":"bulbapedia.bulbagarden.net\/wiki\/Torkoal_(Pok%C3%A9mon)"},{"rdex":"#110","ndex":"#325","name":"Spoink","type_1":"Psychic","type_2":"","category":"Normal Form Single Type","pokemon_wiki_url":"bulbapedia.bulbagarden.net\/wiki\/Spoink_(Pok%C3%A9mon)"},{"rdex":"#111","ndex":"#326","name":"Grumpig","type_1":"Psychic","type_2":"","category":"Normal Form Single Type","pokemon_wiki_url":"bulbapedia.bulbagarden.net\/wiki\/Grumpig_(Pok%C3%A9mon)"},{"rdex":"#114","ndex":"#327","name":"Spinda","type_1":"Normal","type_2":"","category":"Normal Form Single Type","pokemon_wiki_url":"bulbapedia.bulbagarden.net\/wiki\/Spinda_(Pok%C3%A9mon)"},{"rdex":"#116","ndex":"#328","name":"Trapinch","type_1":"Ground","type_2":"","category":"Normal Form Single Type","pokemon_wiki_url":"bulbapedia.bulbagarden.net\/wiki\/Trapinch_(Pok%C3%A9mon)"},{"rdex":"#117","ndex":"#329","name":"Vibrava","type_1":"Ground","type_2":"Dragon","category":"Normal Form Double Type","pokemon_wiki_url":"bulbapedia.bulbagarden.net\/wiki\/Vibrava_(Pok%C3%A9mon)"},{"rdex":"#118","ndex":"#330","name":"Flygon","type_1":"Ground","type_2":"Dragon","category":"Normal Form Double Type","pokemon_wiki_url":"bulbapedia.bulbagarden.net\/wiki\/Flygon_(Pok%C3%A9mon)"},{"rdex":"#119","ndex":"#331","name":"Cacnea","type_1":"Grass","type_2":"","category":"Normal Form Single Type","pokemon_wiki_url":"bulbapedia.bulbagarden.net\/wiki\/Cacnea_(Pok%C3%A9mon)"},{"rdex":"#120","ndex":"#332","name":"Cacturne","type_1":"Grass","type_2":"Dark","category":"Normal Form Double Type","pokemon_wiki_url":"bulbapedia.bulbagarden.net\/wiki\/Cacturne_(Pok%C3%A9mon)"},{"rdex":"#121","ndex":"#333","name":"Swablu","type_1":"Normal","type_2":"Flying","category":"Normal Form Double Type","pokemon_wiki_url":"bulbapedia.bulbagarden.net\/wiki\/Swablu_(Pok%C3%A9mon)"},{"rdex":"#122","ndex":"#334","name":"Altaria","type_1":"Dragon","type_2":"Flying","category":"Normal Form Double Type","pokemon_wiki_url":"bulbapedia.bulbagarden.net\/wiki\/Altaria_(Pok%C3%A9mon)"},{"rdex":"#123","ndex":"#335","name":"Zangoose","type_1":"Normal","type_2":"","category":"Normal Form Single Type","pokemon_wiki_url":"bulbapedia.bulbagarden.net\/wiki\/Zangoose_(Pok%C3%A9mon)"},{"rdex":"#124","ndex":"#336","name":"Seviper","type_1":"Poison","type_2":"","category":"Normal Form Single Type","pokemon_wiki_url":"bulbapedia.bulbagarden.net\/wiki\/Seviper_(Pok%C3%A9mon)"},{"rdex":"#125","ndex":"#337","name":"Lunatone","type_1":"Rock","type_2":"Psychic","category":"Normal Form Double Type","pokemon_wiki_url":"bulbapedia.bulbagarden.net\/wiki\/Lunatone_(Pok%C3%A9mon)"},{"rdex":"#126","ndex":"#338","name":"Solrock","type_1":"Rock","type_2":"Psychic","category":"Normal Form Double Type","pokemon_wiki_url":"bulbapedia.bulbagarden.net\/wiki\/Solrock_(Pok%C3%A9mon)"},{"rdex":"#127","ndex":"#339","name":"Barboach","type_1":"Water","type_2":"Ground","category":"Normal Form Double Type","pokemon_wiki_url":"bulbapedia.bulbagarden.net\/wiki\/Barboach_(Pok%C3%A9mon)"},{"rdex":"#128","ndex":"#340","name":"Whiscash","type_1":"Water","type_2":"Ground","category":"Normal Form Double Type","pokemon_wiki_url":"bulbapedia.bulbagarden.net\/wiki\/Whiscash_(Pok%C3%A9mon)"},{"rdex":"#129","ndex":"#341","name":"Corphish","type_1":"Water","type_2":"","category":"Normal Form Single Type","pokemon_wiki_url":"bulbapedia.bulbagarden.net\/wiki\/Corphish_(Pok%C3%A9mon)"},{"rdex":"#130","ndex":"#342","name":"Crawdaunt","type_1":"Water","type_2":"Dark","category":"Normal Form Double Type","pokemon_wiki_url":"bulbapedia.bulbagarden.net\/wiki\/Crawdaunt_(Pok%C3%A9mon)"},{"rdex":"#131","ndex":"#343","name":"Baltoy","type_1":"Ground","type_2":"Psychic","category":"Normal Form Double Type","pokemon_wiki_url":"bulbapedia.bulbagarden.net\/wiki\/Baltoy_(Pok%C3%A9mon)"},{"rdex":"#132","ndex":"#344","name":"Claydol","type_1":"Ground","type_2":"Psychic","category":"Normal Form Double Type","pokemon_wiki_url":"bulbapedia.bulbagarden.net\/wiki\/Claydol_(Pok%C3%A9mon)"},{"rdex":"#133","ndex":"#345","name":"Lileep","type_1":"Rock","type_2":"Grass","category":"Normal Form Double Type","pokemon_wiki_url":"bulbapedia.bulbagarden.net\/wiki\/Lileep_(Pok%C3%A9mon)"},{"rdex":"#134","ndex":"#346","name":"Cradily","type_1":"Rock","type_2":"Grass","category":"Normal Form Double Type","pokemon_wiki_url":"bulbapedia.bulbagarden.net\/wiki\/Cradily_(Pok%C3%A9mon)"},{"rdex":"#135","ndex":"#347","name":"Anorith","type_1":"Rock","type_2":"Bug","category":"Normal Form Double Type","pokemon_wiki_url":"bulbapedia.bulbagarden.net\/wiki\/Anorith_(Pok%C3%A9mon)"},{"rdex":"#136","ndex":"#348","name":"Armaldo","type_1":"Rock","type_2":"Bug","category":"Normal Form Double Type","pokemon_wiki_url":"bulbapedia.bulbagarden.net\/wiki\/Armaldo_(Pok%C3%A9mon)"},{"rdex":"#140","ndex":"#349","name":"Feebas","type_1":"Water","type_2":"","category":"Normal Form Single Type","pokemon_wiki_url":"bulbapedia.bulbagarden.net\/wiki\/Feebas_(Pok%C3%A9mon)"},{"rdex":"#141","ndex":"#350","name":"Milotic","type_1":"Water","type_2":"","category":"Normal Form Single Type","pokemon_wiki_url":"bulbapedia.bulbagarden.net\/wiki\/Milotic_(Pok%C3%A9mon)"},{"rdex":"#142","ndex":"#351","name":"Castform","type_1":"Normal","type_2":"","category":"Normal Form Single Type","pokemon_wiki_url":"bulbapedia.bulbagarden.net\/wiki\/Castform_(Pok%C3%A9mon)"},{"rdex":"#142","ndex":"#351","name":"Castform","type_1":"Fire","type_2":"","category":"Normal Form Single Type","pokemon_wiki_url":"bulbapedia.bulbagarden.net\/wiki\/Castform_(Pok%C3%A9mon)"},{"rdex":"#142","ndex":"#351","name":"Castform","type_1":"Water","type_2":"","category":"Normal Form Single Type","pokemon_wiki_url":"bulbapedia.bulbagarden.net\/wiki\/Castform_(Pok%C3%A9mon)"},{"rdex":"#142","ndex":"#351","name":"Castform","type_1":"Ice","type_2":"","category":"Normal Form Single Type","pokemon_wiki_url":"bulbapedia.bulbagarden.net\/wiki\/Castform_(Pok%C3%A9mon)"},{"rdex":"#145","ndex":"#352","name":"Kecleon","type_1":"Normal","type_2":"","category":"Normal Form Single Type","pokemon_wiki_url":"bulbapedia.bulbagarden.net\/wiki\/Kecleon_(Pok%C3%A9mon)"},{"rdex":"#146","ndex":"#353","name":"Shuppet","type_1":"Ghost","type_2":"","category":"Normal Form Single Type","pokemon_wiki_url":"bulbapedia.bulbagarden.net\/wiki\/Shuppet_(Pok%C3%A9mon)"},{"rdex":"#147","ndex":"#354","name":"Banette","type_1":"Ghost","type_2":"","category":"Normal Form Single Type","pokemon_wiki_url":"bulbapedia.bulbagarden.net\/wiki\/Banette_(Pok%C3%A9mon)"},{"rdex":"#148","ndex":"#355","name":"Duskull","type_1":"Ghost","type_2":"","category":"Normal Form Single Type","pokemon_wiki_url":"bulbapedia.bulbagarden.net\/wiki\/Duskull_(Pok%C3%A9mon)"},{"rdex":"#149","ndex":"#356","name":"Dusclops","type_1":"Ghost","type_2":"","category":"Normal Form Single Type","pokemon_wiki_url":"bulbapedia.bulbagarden.net\/wiki\/Dusclops_(Pok%C3%A9mon)"},{"rdex":"#150","ndex":"#357","name":"Tropius","type_1":"Grass","type_2":"Flying","category":"Normal Form Double Type","pokemon_wiki_url":"bulbapedia.bulbagarden.net\/wiki\/Tropius_(Pok%C3%A9mon)"},{"rdex":"#151","ndex":"#358","name":"Chimecho","type_1":"Psychic","type_2":"","category":"Normal Form Single Type","pokemon_wiki_url":"bulbapedia.bulbagarden.net\/wiki\/Chimecho_(Pok%C3%A9mon)"},{"rdex":"#152","ndex":"#359","name":"Absol","type_1":"Dark","type_2":"","category":"Normal Form Single Type","pokemon_wiki_url":"bulbapedia.bulbagarden.net\/wiki\/Absol_(Pok%C3%A9mon)"},{"rdex":"#160","ndex":"#360","name":"Wynaut","type_1":"Psychic","type_2":"","category":"Normal Form Single Type","pokemon_wiki_url":"bulbapedia.bulbagarden.net\/wiki\/Wynaut_(Pok%C3%A9mon)"},{"rdex":"#171","ndex":"#361","name":"Snorunt","type_1":"Ice","type_2":"","category":"Normal Form Single Type","pokemon_wiki_url":"bulbapedia.bulbagarden.net\/wiki\/Snorunt_(Pok%C3%A9mon)"},{"rdex":"#172","ndex":"#362","name":"Glalie","type_1":"Ice","type_2":"","category":"Normal Form Single Type","pokemon_wiki_url":"bulbapedia.bulbagarden.net\/wiki\/Glalie_(Pok%C3%A9mon)"},{"rdex":"#173","ndex":"#363","name":"Spheal","type_1":"Ice","type_2":"Water","category":"Normal Form Double Type","pokemon_wiki_url":"bulbapedia.bulbagarden.net\/wiki\/Spheal_(Pok%C3%A9mon)"},{"rdex":"#174","ndex":"#364","name":"Sealeo","type_1":"Ice","type_2":"Water","category":"Normal Form Double Type","pokemon_wiki_url":"bulbapedia.bulbagarden.net\/wiki\/Sealeo_(Pok%C3%A9mon)"},{"rdex":"#175","ndex":"#365","name":"Walrein","type_1":"Ice","type_2":"Water","category":"Normal Form Double Type","pokemon_wiki_url":"bulbapedia.bulbagarden.net\/wiki\/Walrein_(Pok%C3%A9mon)"},{"rdex":"#176","ndex":"#366","name":"Clamperl","type_1":"Water","type_2":"","category":"Normal Form Single Type","pokemon_wiki_url":"bulbapedia.bulbagarden.net\/wiki\/Clamperl_(Pok%C3%A9mon)"},{"rdex":"#177","ndex":"#367","name":"Huntail","type_1":"Water","type_2":"","category":"Normal Form Single Type","pokemon_wiki_url":"bulbapedia.bulbagarden.net\/wiki\/Huntail_(Pok%C3%A9mon)"},{"rdex":"#178","ndex":"#368","name":"Gorebyss","type_1":"Water","type_2":"","category":"Normal Form Single Type","pokemon_wiki_url":"bulbapedia.bulbagarden.net\/wiki\/Gorebyss_(Pok%C3%A9mon)"},{"rdex":"#179","ndex":"#369","name":"Relicanth","type_1":"Water","type_2":"Rock","category":"Normal Form Double Type","pokemon_wiki_url":"bulbapedia.bulbagarden.net\/wiki\/Relicanth_(Pok%C3%A9mon)"},{"rdex":"#183","ndex":"#370","name":"Luvdisc","type_1":"Water","type_2":"","category":"Normal Form Single Type","pokemon_wiki_url":"bulbapedia.bulbagarden.net\/wiki\/Luvdisc_(Pok%C3%A9mon)"},{"rdex":"#187","ndex":"#371","name":"Bagon","type_1":"Dragon","type_2":"","category":"Normal Form Single Type","pokemon_wiki_url":"bulbapedia.bulbagarden.net\/wiki\/Bagon_(Pok%C3%A9mon)"},{"rdex":"#188","ndex":"#372","name":"Shelgon","type_1":"Dragon","type_2":"","category":"Normal Form Single Type","pokemon_wiki_url":"bulbapedia.bulbagarden.net\/wiki\/Shelgon_(Pok%C3%A9mon)"},{"rdex":"#189","ndex":"#373","name":"Salamence","type_1":"Dragon","type_2":"Flying","category":"Normal Form Double Type","pokemon_wiki_url":"bulbapedia.bulbagarden.net\/wiki\/Salamence_(Pok%C3%A9mon)"},{"rdex":"#190","ndex":"#374","name":"Beldum","type_1":"Steel","type_2":"Psychic","category":"Normal Form Double Type","pokemon_wiki_url":"bulbapedia.bulbagarden.net\/wiki\/Beldum_(Pok%C3%A9mon)"},{"rdex":"#191","ndex":"#375","name":"Metang","type_1":"Steel","type_2":"Psychic","category":"Normal Form Double Type","pokemon_wiki_url":"bulbapedia.bulbagarden.net\/wiki\/Metang_(Pok%C3%A9mon)"},{"rdex":"#192","ndex":"#376","name":"Metagross","type_1":"Steel","type_2":"Psychic","category":"Normal Form Double Type","pokemon_wiki_url":"bulbapedia.bulbagarden.net\/wiki\/Metagross_(Pok%C3%A9mon)"},{"rdex":"#193","ndex":"#377","name":"Regirock","type_1":"Rock","type_2":"","category":"Normal Form Single Type","pokemon_wiki_url":"bulbapedia.bulbagarden.net\/wiki\/Regirock_(Pok%C3%A9mon)"},{"rdex":"#194","ndex":"#378","name":"Regice","type_1":"Ice","type_2":"","category":"Normal Form Single Type","pokemon_wiki_url":"bulbapedia.bulbagarden.net\/wiki\/Regice_(Pok%C3%A9mon)"},{"rdex":"#195","ndex":"#379","name":"Registeel","type_1":"Steel","type_2":"","category":"Normal Form Single Type","pokemon_wiki_url":"bulbapedia.bulbagarden.net\/wiki\/Registeel_(Pok%C3%A9mon)"},{"rdex":"#196","ndex":"#380","name":"Latias","type_1":"Dragon","type_2":"Psychic","category":"Normal Form Double Type","pokemon_wiki_url":"bulbapedia.bulbagarden.net\/wiki\/Latias_(Pok%C3%A9mon)"},{"rdex":"#197","ndex":"#381","name":"Latios","type_1":"Dragon","type_2":"Psychic","category":"Normal Form Double Type","pokemon_wiki_url":"bulbapedia.bulbagarden.net\/wiki\/Latios_(Pok%C3%A9mon)"},{"rdex":"#198","ndex":"#382","name":"Kyogre","type_1":"Water","type_2":"","category":"Normal Form Single Type","pokemon_wiki_url":"bulbapedia.bulbagarden.net\/wiki\/Kyogre_(Pok%C3%A9mon)"},{"rdex":"#199","ndex":"#383","name":"Groudon","type_1":"Ground","type_2":"","category":"Normal Form Single Type","pokemon_wiki_url":"bulbapedia.bulbagarden.net\/wiki\/Groudon_(Pok%C3%A9mon)"},{"rdex":"#200","ndex":"#384","name":"Rayquaza","type_1":"Dragon","type_2":"Flying","category":"Normal Form Double Type","pokemon_wiki_url":"bulbapedia.bulbagarden.net\/wiki\/Rayquaza_(Pok%C3%A9mon)"},{"rdex":"#201","ndex":"#385","name":"Jirachi","type_1":"Steel","type_2":"Psychic","category":"Normal Form Double Type","pokemon_wiki_url":"bulbapedia.bulbagarden.net\/wiki\/Jirachi_(Pok%C3%A9mon)"},{"rdex":"#202","ndex":"#386","name":"Deoxys","type_1":"Psychic","type_2":"","category":"Normal Form Single Type","pokemon_wiki_url":"bulbapedia.bulbagarden.net\/wiki\/Deoxys_(Pok%C3%A9mon)"},{"rdex":"#202","ndex":"#386","name":"Deoxys","type_1":"Psychic","type_2":"","category":"Normal Form Single Type","pokemon_wiki_url":"bulbapedia.bulbagarden.net\/wiki\/Deoxys_(Pok%C3%A9mon)"},{"rdex":"#202","ndex":"#386","name":"Deoxys","type_1":"Psychic","type_2":"","category":"Normal Form Single Type","pokemon_wiki_url":"bulbapedia.bulbagarden.net\/wiki\/Deoxys_(Pok%C3%A9mon)"},{"rdex":"#202","ndex":"#386","name":"Deoxys","type_1":"Psychic","type_2":"","category":"Normal Form Single Type","pokemon_wiki_url":"bulbapedia.bulbagarden.net\/wiki\/Deoxys_(Pok%C3%A9mon)"}]