[{"rdex":"#001","ndex":"#152","name":"Chikorita","type_1":"Grass","type_2":"","category":"Normal Form Single Type","pokemon_wiki_url":"bulbapedia.bulbagarden.net\/wiki\/Chikorita_(Pok%C3%A9mon)"},{"rdex":"#002","ndex":"#153","name":"Bayleef","type_1":"Grass","type_2":"","category":"Normal Form Single Type","pokemon_wiki_url":"bulbapedia.bulbagarden.net\/wiki\/Bayleef_(Pok%C3%A9mon)"},{"rdex":"#003","ndex":"#154","name":"Meganium","type_1":"Grass","type_2":"","category":"Normal Form Single Type","pokemon_wiki_url":"bulbapedia.bulbagarden.net\/wiki\/Meganium_(Pok%C3%A9mon)"},{"rdex":"#004","ndex":"#155","name":"Cyndaquil","type_1":"Fire","type_2":"","category":"Normal Form Single Type","pokemon_wiki_url":"bulbapedia.bulbagarden.net\/wiki\/Cyndaquil_(Pok%C3%A9mon)"},{"rdex":"#005","ndex":"#156","name":"Quilava","type_1":"Fire","type_2":"","category":"Normal Form Single Type","pokemon_wiki_url":"bulbapedia.bulbagarden.net\/wiki\/Quilava_(Pok%C3%A9mon)"},{"rdex":"#006","ndex":"#157","name":"Typhlosion","type_1":"Fire","type_2":"","category":"Normal Form Single Type","pokemon_wiki_url":"bulbapedia.bulbagarden.net\/wiki\/Typhlosion_(Pok%C3%A9mon)"},{"rdex":"","ndex":"#157","name":"Typhlosion","type_1":"Fire","type_2":"Ghost","category":"Regional Form Double Type","pokemon_wiki_url":"bulbapedia.bulbagarden.net\/wiki\/Typhlosion_(Pok%C3%A9mon)"},{"rdex":"#007","ndex":"#158","name":"Totodile","type_1":"Water","type_2":"","category":"Normal Form Single Type","pokemon_wiki_url":"bulbapedia.bulbagarden.net\/wiki\/Totodile_(Pok%C3%A9mon)"},{"rdex":"#008","ndex":"#159","name":"Croconaw","type_1":"Water","type_2":"","category":"Normal Form Single Type","pokemon_wiki_url":"bulbapedia.bulbagarden.net\/wiki\/Croconaw_(Pok%C3%A9mon)"},{"rdex":"#009","ndex":"#160","name":"Feraligatr","type_1":"Water","type_2":"","category":"Normal Form Single Type","pokemon_wiki_url":"bulbapedia.bulbagarden.net\/wiki\/Feraligatr_(Pok%C3%A9mon)"},{"rdex":"#019","ndex":"#161","name":"Sentret","type_1":"Normal","type_2":"","category":"Normal Form Single Type","pokemon_wiki_url":"bulbapedia.bulbagarden.net\/wiki\/Sentret_(Pok%C3%A9mon)"},{"rdex":"#020","ndex":"#162","name":"Furret","type_1":"Normal","type_2":"","category":"Normal Form Single Type","pokemon_wiki_url":"bulbapedia.bulbagarden.net\/wiki\/Furret_(Pok%C3%A9mon)"},{"rdex":"#015","ndex":"#163","name":"Hoothoot","type_1":"Normal","type_2":"Flying","category":"Normal Form Double Type","pokemon_wiki_url":"bulbapedia.bulbagarden.net\/wiki\/Hoothoot_(Pok%C3%A9mon)"},{"rdex":"#016","ndex":"#164","name":"Noctowl","type_1":"Normal","type_2":"Flying","category":"Normal Form Double Type","pokemon_wiki_url":"bulbapedia.bulbagarden.net\/wiki\/Noctowl_(Pok%C3%A9mon)"},{"rdex":"#030","ndex":"#165","name":"Ledyba","type_1":"Bug","type_2":"Flying","category":"Normal Form Double Type","pokemon_wiki_url":"bulbapedia.bulbagarden.net\/wiki\/Ledyba_(Pok%C3%A9mon)"},{"rdex":"#031","ndex":"#166","name":"Ledian","type_1":"Bug","type_2":"Flying","category":"Normal Form Double Type","pokemon_wiki_url":"bulbapedia.bulbagarden.net\/wiki\/Ledian_(Pok%C3%A9mon)"},{"rdex":"#032","ndex":"#167","name":"Spinarak","type_1":"Bug","type_2":"Poison","category":"Normal Form Double Type","pokemon_wiki_url":"bulbapedia.bulbagarden.net\/wiki\/Spinarak_(Pok%C3%A9mon)"},{"rdex":"#033","ndex":"#168","name":"Ariados","type_1":"Bug","type_2":"Poison","category":"Normal Form Double Type","pokemon_wiki_url":"bulbapedia.bulbagarden.net\/wiki\/Ariados_(Pok%C3%A9mon)"},{"rdex":"#039","ndex":"#169","name":"Crobat","type_1":"Poison","type_2":"Flying","category":"Normal Form Double Type","pokemon_wiki_url":"bulbapedia.bulbagarden.net\/wiki\/Crobat_(Pok%C3%A9mon)"},{"rdex":"#176","ndex":"#170","name":"Chinchou","type_1":"Water","type_2":"Electric","category":"Normal Form Double Type","pokemon_wiki_url":"bulbapedia.bulbagarden.net\/wiki\/Chinchou_(Pok%C3%A9mon)"},{"rdex":"#177","ndex":"#171","name":"Lanturn","type_1":"Water","type_2":"Electric","category":"Normal Form Double Type","pokemon_wiki_url":"bulbapedia.bulbagarden.net\/wiki\/Lanturn_(Pok%C3%A9mon)"},{"rdex":"#021","ndex":"#172","name":"Pichu","type_1":"Electric","type_2":"","category":"Normal Form Single Type","pokemon_wiki_url":"bulbapedia.bulbagarden.net\/wiki\/Pichu_(Pok%C3%A9mon)"},{"rdex":"#040","ndex":"#173","name":"Cleffa","type_1":"Fairy","type_2":"","category":"Normal Form Single Type","pokemon_wiki_url":"bulbapedia.bulbagarden.net\/wiki\/Cleffa_(Pok%C3%A9mon)"},{"rdex":"#044","ndex":"#174","name":"Igglybuff","type_1":"Normal","type_2":"Fairy","category":"Normal Form Double Type","pokemon_wiki_url":"bulbapedia.bulbagarden.net\/wiki\/Igglybuff_(Pok%C3%A9mon)"},{"rdex":"#046","ndex":"#175","name":"Togepi","type_1":"Fairy","type_2":"","category":"Normal Form Single Type","pokemon_wiki_url":"bulbapedia.bulbagarden.net\/wiki\/Togepi_(Pok%C3%A9mon)"},{"rdex":"#047","ndex":"#176","name":"Togetic","type_1":"Fairy","type_2":"Flying","category":"Normal Form Double Type","pokemon_wiki_url":"bulbapedia.bulbagarden.net\/wiki\/Togetic_(Pok%C3%A9mon)"},{"rdex":"#161","ndex":"#177","name":"Natu","type_1":"Psychic","type_2":"Flying","category":"Normal Form Double Type","pokemon_wiki_url":"bulbapedia.bulbagarden.net\/wiki\/Natu_(Pok%C3%A9mon)"},{"rdex":"#162","ndex":"#178","name":"Xatu","type_1":"Psychic","type_2":"Flying","category":"Normal Form Double Type","pokemon_wiki_url":"bulbapedia.bulbagarden.net\/wiki\/Xatu_(Pok%C3%A9mon)"},{"rdex":"#053","ndex":"#179","name":"Mareep","type_1":"Electric","type_2":"","category":"Normal Form Single Type","pokemon_wiki_url":"bulbapedia.bulbagarden.net\/wiki\/Mareep_(Pok%C3%A9mon)"},{"rdex":"#054","ndex":"#180","name":"Flaaffy","type_1":"Electric","type_2":"","category":"Normal Form Single Type","pokemon_wiki_url":"bulbapedia.bulbagarden.net\/wiki\/Flaaffy_(Pok%C3%A9mon)"},{"rdex":"#055","ndex":"#181","name":"Ampharos","type_1":"Electric","type_2":"","category":"Normal Form Single Type","pokemon_wiki_url":"bulbapedia.bulbagarden.net\/wiki\/Ampharos_(Pok%C3%A9mon)"},{"rdex":"#086","ndex":"#182","name":"Bellossom","type_1":"Grass","type_2":"","category":"Normal Form Single Type","pokemon_wiki_url":"bulbapedia.bulbagarden.net\/wiki\/Bellossom_(Pok%C3%A9mon)"},{"rdex":"#132","ndex":"#183","name":"Marill","type_1":"Water","type_2":"Fairy","category":"Normal Form Double Type","pokemon_wiki_url":"bulbapedia.bulbagarden.net\/wiki\/Marill_(Pok%C3%A9mon)"},{"rdex":"#133","ndex":"#184","name":"Azumarill","type_1":"Water","type_2":"Fairy","category":"Normal Form Double Type","pokemon_wiki_url":"bulbapedia.bulbagarden.net\/wiki\/Azumarill_(Pok%C3%A9mon)"},{"rdex":"#107","ndex":"#185","name":"Sudowoodo","type_1":"Rock","type_2":"","category":"Normal Form Single Type","pokemon_wiki_url":"bulbapedia.bulbagarden.net\/wiki\/Sudowoodo_(Pok%C3%A9mon)"},{"rdex":"#075","ndex":"#186","name":"Politoed","type_1":"Water","type_2":"","category":"Normal Form Single Type","pokemon_wiki_url":"bulbapedia.bulbagarden.net\/wiki\/Politoed_(Pok%C3%A9mon)"},{"rdex":"#067","ndex":"#187","name":"Hoppip","type_1":"Grass","type_2":"Flying","category":"Normal Form Double Type","pokemon_wiki_url":"bulbapedia.bulbagarden.net\/wiki\/Hoppip_(Pok%C3%A9mon)"},{"rdex":"#068","ndex":"#188","name":"Skiploom","type_1":"Grass","type_2":"Flying","category":"Normal Form Double Type","pokemon_wiki_url":"bulbapedia.bulbagarden.net\/wiki\/Skiploom_(Pok%C3%A9mon)"},{"rdex":"#069","ndex":"#189","name":"Jumpluff","type_1":"Grass","type_2":"Flying","category":"Normal Form Double Type","pokemon_wiki_url":"bulbapedia.bulbagarden.net\/wiki\/Jumpluff_(Pok%C3%A9mon)"},{"rdex":"#123","ndex":"#190","name":"Aipom","type_1":"Normal","type_2":"","category":"Normal Form Single Type","pokemon_wiki_url":"bulbapedia.bulbagarden.net\/wiki\/Aipom_(Pok%C3%A9mon)"},{"rdex":"#103","ndex":"#191","name":"Sunkern","type_1":"Grass","type_2":"","category":"Normal Form Single Type","pokemon_wiki_url":"bulbapedia.bulbagarden.net\/wiki\/Sunkern_(Pok%C3%A9mon)"},{"rdex":"#104","ndex":"#192","name":"Sunflora","type_1":"Grass","type_2":"","category":"Normal Form Single Type","pokemon_wiki_url":"bulbapedia.bulbagarden.net\/wiki\/Sunflora_(Pok%C3%A9mon)"},{"rdex":"#101","ndex":"#193","name":"Yanma","type_1":"Bug","type_2":"Flying","category":"Normal Form Double Type","pokemon_wiki_url":"bulbapedia.bulbagarden.net\/wiki\/Yanma_(Pok%C3%A9mon)"},{"rdex":"#056","ndex":"#194","name":"Wooper","type_1":"Water","type_2":"Ground","category":"Normal Form Double Type","pokemon_wiki_url":"bulbapedia.bulbagarden.net\/wiki\/Wooper_(Pok%C3%A9mon)"},{"rdex":"#057","ndex":"#195","name":"Quagsire","type_1":"Water","type_2":"Ground","category":"Normal Form Double Type","pokemon_wiki_url":"bulbapedia.bulbagarden.net\/wiki\/Quagsire_(Pok%C3%A9mon)"},{"rdex":"#188","ndex":"#196","name":"Espeon","type_1":"Psychic","type_2":"","category":"Normal Form Single Type","pokemon_wiki_url":"bulbapedia.bulbagarden.net\/wiki\/Espeon_(Pok%C3%A9mon)"},{"rdex":"#189","ndex":"#197","name":"Umbreon","type_1":"Dark","type_2":"","category":"Normal Form Single Type","pokemon_wiki_url":"bulbapedia.bulbagarden.net\/wiki\/Umbreon_(Pok%C3%A9mon)"},{"rdex":"#213","ndex":"#198","name":"Murkrow","type_1":"Dark","type_2":"Flying","category":"Normal Form Double Type","pokemon_wiki_url":"bulbapedia.bulbagarden.net\/wiki\/Murkrow_(Pok%C3%A9mon)"},{"rdex":"#082","ndex":"#199","name":"Slowking","type_1":"Water","type_2":"Psychic","category":"Normal Form Double Type","pokemon_wiki_url":"bulbapedia.bulbagarden.net\/wiki\/Slowking_(Pok%C3%A9mon)"},{"rdex":"","ndex":"#199","name":"Slowking","type_1":"Poison","type_2":"Psychic","category":"Regional Form Double Type","pokemon_wiki_url":"bulbapedia.bulbagarden.net\/wiki\/Slowking_(Pok%C3%A9mon)"},{"rdex":"#219","ndex":"#200","name":"Misdreavus","type_1":"Ghost","type_2":"","category":"Normal Form Single Type","pokemon_wiki_url":"bulbapedia.bulbagarden.net\/wiki\/Misdreavus_(Pok%C3%A9mon)"},{"rdex":"#061","ndex":"#201","name":"Unown","type_1":"Psychic","type_2":"","category":"Normal Form Single Type","pokemon_wiki_url":"bulbapedia.bulbagarden.net\/wiki\/Unown_(Pok%C3%A9mon)"},{"rdex":"#108","ndex":"#202","name":"Wobbuffet","type_1":"Psychic","type_2":"","category":"Normal Form Single Type","pokemon_wiki_url":"bulbapedia.bulbagarden.net\/wiki\/Wobbuffet_(Pok%C3%A9mon)"},{"rdex":"#149","ndex":"#203","name":"Girafarig","type_1":"Normal","type_2":"Psychic","category":"Normal Form Double Type","pokemon_wiki_url":"bulbapedia.bulbagarden.net\/wiki\/Girafarig_(Pok%C3%A9mon)"},{"rdex":"#093","ndex":"#204","name":"Pineco","type_1":"Bug","type_2":"","category":"Normal Form Single Type","pokemon_wiki_url":"bulbapedia.bulbagarden.net\/wiki\/Pineco_(Pok%C3%A9mon)"},{"rdex":"#094","ndex":"#205","name":"Forretress","type_1":"Bug","type_2":"Steel","category":"Normal Form Double Type","pokemon_wiki_url":"bulbapedia.bulbagarden.net\/wiki\/Forretress_(Pok%C3%A9mon)"},{"rdex":"#052","ndex":"#206","name":"Dunsparce","type_1":"Normal","type_2":"","category":"Normal Form Single Type","pokemon_wiki_url":"bulbapedia.bulbagarden.net\/wiki\/Dunsparce_(Pok%C3%A9mon)"},{"rdex":"#193","ndex":"#207","name":"Gligar","type_1":"Ground","type_2":"Flying","category":"Normal Form Double Type","pokemon_wiki_url":"bulbapedia.bulbagarden.net\/wiki\/Gligar_(Pok%C3%A9mon)"},{"rdex":"#063","ndex":"#208","name":"Steelix","type_1":"Steel","type_2":"Ground","category":"Normal Form Double Type","pokemon_wiki_url":"bulbapedia.bulbagarden.net\/wiki\/Steelix_(Pok%C3%A9mon)"},{"rdex":"#125","ndex":"#209","name":"Snubbull","type_1":"Fairy","type_2":"","category":"Normal Form Single Type","pokemon_wiki_url":"bulbapedia.bulbagarden.net\/wiki\/Snubbull_(Pok%C3%A9mon)"},{"rdex":"#126","ndex":"#210","name":"Granbull","type_1":"Fairy","type_2":"","category":"Normal Form Single Type","pokemon_wiki_url":"bulbapedia.bulbagarden.net\/wiki\/Granbull_(Pok%C3%A9mon)"},{"rdex":"#163","ndex":"#211","name":"Qwilfish","type_1":"Water","type_2":"Poison","category":"Normal Form Double Type","pokemon_wiki_url":"bulbapedia.bulbagarden.net\/wiki\/Qwilfish_(Pok%C3%A9mon)"},{"rdex":"","ndex":"#211","name":"Qwilfish","type_1":"Dark","type_2":"Poison","category":"Regional Form Double Type","pokemon_wiki_url":"bulbapedia.bulbagarden.net\/wiki\/Qwilfish_(Pok%C3%A9mon)"},{"rdex":"#112","ndex":"#212","name":"Scizor","type_1":"Bug","type_2":"Steel","category":"Normal Form Double Type","pokemon_wiki_url":"bulbapedia.bulbagarden.net\/wiki\/Scizor_(Pok%C3%A9mon)"},{"rdex":"#168","ndex":"#213","name":"Shuckle","type_1":"Bug","type_2":"Rock","category":"Normal Form Double Type","pokemon_wiki_url":"bulbapedia.bulbagarden.net\/wiki\/Shuckle_(Pok%C3%A9mon)"},{"rdex":"#114","ndex":"#214","name":"Heracross","type_1":"Bug","type_2":"Fighting","category":"Normal Form Double Type","pokemon_wiki_url":"bulbapedia.bulbagarden.net\/wiki\/Heracross_(Pok%C3%A9mon)"},{"rdex":"#218","ndex":"#215","name":"Sneasel","type_1":"Dark","type_2":"Ice","category":"Normal Form Double Type","pokemon_wiki_url":"bulbapedia.bulbagarden.net\/wiki\/Sneasel_(Pok%C3%A9mon)"},{"rdex":"","ndex":"#215","name":"Sneasel","type_1":"Fighting","type_2":"Poison","category":"Regional Form Double Type","pokemon_wiki_url":"bulbapedia.bulbagarden.net\/wiki\/Sneasel_(Pok%C3%A9mon)"},{"rdex":"#198","ndex":"#216","name":"Teddiursa","type_1":"Normal","type_2":"","category":"Normal Form Single Type","pokemon_wiki_url":"bulbapedia.bulbagarden.net\/wiki\/Teddiursa_(Pok%C3%A9mon)"},{"rdex":"#199","ndex":"#217","name":"Ursaring","type_1":"Normal","type_2":"","category":"Normal Form Single Type","pokemon_wiki_url":"bulbapedia.bulbagarden.net\/wiki\/Ursaring_(Pok%C3%A9mon)"},{"rdex":"#216","ndex":"#218","name":"Slugma","type_1":"Fire","type_2":"","category":"Normal Form Single Type","pokemon_wiki_url":"bulbapedia.bulbagarden.net\/wiki\/Slugma_(Pok%C3%A9mon)"},{"rdex":"#217","ndex":"#219","name":"Magcargo","type_1":"Fire","type_2":"Rock","category":"Normal Form Double Type","pokemon_wiki_url":"bulbapedia.bulbagarden.net\/wiki\/Magcargo_(Pok%C3%A9mon)"},{"rdex":"#195","ndex":"#220","name":"Swinub","type_1":"Ice","type_2":"Ground","category":"Normal Form Double Type","pokemon_wiki_url":"bulbapedia.bulbagarden.net\/wiki\/Swinub_(Pok%C3%A9mon)"},{"rdex":"#196","ndex":"#221","name":"Piloswine","type_1":"Ice","type_2":"Ground","category":"Normal Form Double Type","pokemon_wiki_url":"bulbapedia.bulbagarden.net\/wiki\/Piloswine_(Pok%C3%A9mon)"},{"rdex":"#173","ndex":"#222","name":"Corsola","type_1":"Water","type_2":"Rock","category":"Normal Form Double Type","pokemon_wiki_url":"bulbapedia.bulbagarden.net\/wiki\/Corsola_(Pok%C3%A9mon)"},{"rdex":"","ndex":"#222","name":"Corsola","type_1":"Ghost","type_2":"","category":"Regional Form Single Type","pokemon_wiki_url":"bulbapedia.bulbagarden.net\/wiki\/Corsola_(Pok%C3%A9mon)"},{"rdex":"#174","ndex":"#223","name":"Remoraid","type_1":"Water","type_2":"","category":"Normal Form Single Type","pokemon_wiki_url":"bulbapedia.bulbagarden.net\/wiki\/Remoraid_(Pok%C3%A9mon)"},{"rdex":"#175","ndex":"#224","name":"Octillery","type_1":"Water","type_2":"","category":"Normal Form Single Type","pokemon_wiki_url":"bulbapedia.bulbagarden.net\/wiki\/Octillery_(Pok%C3%A9mon)"},{"rdex":"#194","ndex":"#225","name":"Delibird","type_1":"Ice","type_2":"Flying","category":"Normal Form Double Type","pokemon_wiki_url":"bulbapedia.bulbagarden.net\/wiki\/Delibird_(Pok%C3%A9mon)"},{"rdex":"#202","ndex":"#226","name":"Mantine","type_1":"Water","type_2":"Flying","category":"Normal Form Double Type","pokemon_wiki_url":"bulbapedia.bulbagarden.net\/wiki\/Mantine_(Pok%C3%A9mon)"},{"rdex":"#203","ndex":"#227","name":"Skarmory","type_1":"Steel","type_2":"Flying","category":"Normal Form Double Type","pokemon_wiki_url":"bulbapedia.bulbagarden.net\/wiki\/Skarmory_(Pok%C3%A9mon)"},{"rdex":"#214","ndex":"#228","name":"Houndour","type_1":"Dark","type_2":"Fire","category":"Normal Form Double Type","pokemon_wiki_url":"bulbapedia.bulbagarden.net\/wiki\/Houndour_(Pok%C3%A9mon)"},{"rdex":"#215","ndex":"#229","name":"Houndoom","type_1":"Dark","type_2":"Fire","category":"Normal Form Double Type","pokemon_wiki_url":"bulbapedia.bulbagarden.net\/wiki\/Houndoom_(Pok%C3%A9mon)"},{"rdex":"#192","ndex":"#230","name":"Kingdra","type_1":"Water","type_2":"Dragon","category":"Normal Form Double Type","pokemon_wiki_url":"bulbapedia.bulbagarden.net\/wiki\/Kingdra_(Pok%C3%A9mon)"},{"rdex":"#200","ndex":"#231","name":"Phanpy","type_1":"Ground","type_2":"","category":"Normal Form Single Type","pokemon_wiki_url":"bulbapedia.bulbagarden.net\/wiki\/Phanpy_(Pok%C3%A9mon)"},{"rdex":"#201","ndex":"#232","name":"Donphan","type_1":"Ground","type_2":"","category":"Normal Form Single Type","pokemon_wiki_url":"bulbapedia.bulbagarden.net\/wiki\/Donphan_(Pok%C3%A9mon)"},{"rdex":"#221","ndex":"#233","name":"Porygon2","type_1":"Normal","type_2":"","category":"Normal Form Single Type","pokemon_wiki_url":"bulbapedia.bulbagarden.net\/wiki\/Porygon2_(Pok%C3%A9mon)"},{"rdex":"#131","ndex":"#234","name":"Stantler","type_1":"Normal","type_2":"","category":"Normal Form Single Type","pokemon_wiki_url":"bulbapedia.bulbagarden.net\/wiki\/Stantler_(Pok%C3%A9mon)"},{"rdex":"#159","ndex":"#235","name":"Smeargle","type_1":"Normal","type_2":"","category":"Normal Form Single Type","pokemon_wiki_url":"bulbapedia.bulbagarden.net\/wiki\/Smeargle_(Pok%C3%A9mon)"},{"rdex":"#145","ndex":"#236","name":"Tyrogue","type_1":"Fighting","type_2":"","category":"Normal Form Single Type","pokemon_wiki_url":"bulbapedia.bulbagarden.net\/wiki\/Tyrogue_(Pok%C3%A9mon)"},{"rdex":"#148","ndex":"#237","name":"Hitmontop","type_1":"Fighting","type_2":"","category":"Normal Form Single Type","pokemon_wiki_url":"bulbapedia.bulbagarden.net\/wiki\/Hitmontop_(Pok%C3%A9mon)"},{"rdex":"#154","ndex":"#238","name":"Smoochum","type_1":"Ice","type_2":"Psychic","category":"Normal Form Double Type","pokemon_wiki_url":"bulbapedia.bulbagarden.net\/wiki\/Smoochum_(Pok%C3%A9mon)"},{"rdex":"#156","ndex":"#239","name":"Elekid","type_1":"Electric","type_2":"","category":"Normal Form Single Type","pokemon_wiki_url":"bulbapedia.bulbagarden.net\/wiki\/Elekid_(Pok%C3%A9mon)"},{"rdex":"#152","ndex":"#240","name":"Magby","type_1":"Fire","type_2":"","category":"Normal Form Single Type","pokemon_wiki_url":"bulbapedia.bulbagarden.net\/wiki\/Magby_(Pok%C3%A9mon)"},{"rdex":"#151","ndex":"#241","name":"Miltank","type_1":"Normal","type_2":"","category":"Normal Form Single Type","pokemon_wiki_url":"bulbapedia.bulbagarden.net\/wiki\/Miltank_(Pok%C3%A9mon)"},{"rdex":"#223","ndex":"#242","name":"Blissey","type_1":"Normal","type_2":"","category":"Normal Form Single Type","pokemon_wiki_url":"bulbapedia.bulbagarden.net\/wiki\/Blissey_(Pok%C3%A9mon)"},{"rdex":"#243","ndex":"#243","name":"Raikou","type_1":"Electric","type_2":"","category":"Normal Form Single Type","pokemon_wiki_url":"bulbapedia.bulbagarden.net\/wiki\/Raikou_(Pok%C3%A9mon)"},{"rdex":"#244","ndex":"#244","name":"Entei","type_1":"Fire","type_2":"","category":"Normal Form Single Type","pokemon_wiki_url":"bulbapedia.bulbagarden.net\/wiki\/Entei_(Pok%C3%A9mon)"},{"rdex":"#245","ndex":"#245","name":"Suicune","type_1":"Water","type_2":"","category":"Normal Form Single Type","pokemon_wiki_url":"bulbapedia.bulbagarden.net\/wiki\/Suicune_(Pok%C3%A9mon)"},{"rdex":"#249","ndex":"#246","name":"Larvitar","type_1":"Rock","type_2":"Ground","category":"Normal Form Double Type","pokemon_wiki_url":"bulbapedia.bulbagarden.net\/wiki\/Larvitar_(Pok%C3%A9mon)"},{"rdex":"#250","ndex":"#247","name":"Pupitar","type_1":"Rock","type_2":"Ground","category":"Normal Form Double Type","pokemon_wiki_url":"bulbapedia.bulbagarden.net\/wiki\/Pupitar_(Pok%C3%A9mon)"},{"rdex":"#251","ndex":"#248","name":"Tyranitar","type_1":"Rock","type_2":"Dark","category":"Normal Form Double Type","pokemon_wiki_url":"bulbapedia.bulbagarden.net\/wiki\/Tyranitar_(Pok%C3%A9mon)"},{"rdex":"#252","ndex":"#249","name":"Lugia","type_1":"Psychic","type_2":"Flying","category":"Normal Form Double Type","pokemon_wiki_url":"bulbapedia.bulbagarden.net\/wiki\/Lugia_(Pok%C3%A9mon)"},{"rdex":"#253","ndex":"#250","name":"Ho-Oh","type_1":"Fire","type_2":"Flying","category":"Normal Form Double Type","pokemon_wiki_url":"bulbapedia.bulbagarden.net\/wiki\/Ho-Oh_(Pok%C3%A9mon)"},{"rdex":"#256","ndex":"#251","name":"Celebi","type_1":"Psychic","type_2":"Grass","category":"Normal Form Double Type","pokemon_wiki_url":"bulbapedia.bulbagarden.net\/wiki\/Celebi_(Pok%C3%A9mon)"}]