[{"rdex":"#000","ndex":"#494","name":"Victini","type_1":"Psychic","type_2":"Fire","category":"Normal Form Double Type","pokemon_wiki_url":"bulbapedia.bulbagarden.net\/wiki\/Victini_(Pok%C3%A9mon)"},{"rdex":"#001","ndex":"#495","name":"Snivy","type_1":"Grass","type_2":"","category":"Normal Form Single Type","pokemon_wiki_url":"bulbapedia.bulbagarden.net\/wiki\/Snivy_(Pok%C3%A9mon)"},{"rdex":"#002","ndex":"#496","name":"Servine","type_1":"Grass","type_2":"","category":"Normal Form Single Type","pokemon_wiki_url":"bulbapedia.bulbagarden.net\/wiki\/Servine_(Pok%C3%A9mon)"},{"rdex":"#003","ndex":"#497","name":"Serperior","type_1":"Grass","type_2":"","category":"Normal Form Single Type","pokemon_wiki_url":"bulbapedia.bulbagarden.net\/wiki\/Serperior_(Pok%C3%A9mon)"},{"rdex":"#004","ndex":"#498","name":"Tepig","type_1":"Fire","type_2":"","category":"Normal Form Single Type","pokemon_wiki_url":"bulbapedia.bulbagarden.net\/wiki\/Tepig_(Pok%C3%A9mon)"},{"rdex":"#005","ndex":"#499","name":"Pignite","type_1":"Fire","type_2":"Fighting","category":"Normal Form Double Type","pokemon_wiki_url":"bulbapedia.bulbagarden.net\/wiki\/Pignite_(Pok%C3%A9mon)"},{"rdex":"#006","ndex":"#500","name":"Emboar","type_1":"Fire","type_2":"Fighting","category":"Normal Form Double Type","pokemon_wiki_url":"bulbapedia.bulbagarden.net\/wiki\/Emboar_(Pok%C3%A9mon)"},{"rdex":"#007","ndex":"#501","name":"Oshawott","type_1":"Water","type_2":"","category":"Normal Form Single Type","pokemon_wiki_url":"bulbapedia.bulbagarden.net\/wiki\/Oshawott_(Pok%C3%A9mon)"},{"rdex":"#008","ndex":"#502","name":"Dewott","type_1":"Water","type_2":"","category":"Normal Form Single Type","pokemon_wiki_url":"bulbapedia.bulbagarden.net\/wiki\/Dewott_(Pok%C3%A9mon)"},{"rdex":"#009","ndex":"#503","name":"Samurott","type_1":"Water","type_2":"","category":"Normal Form Single Type","pokemon_wiki_url":"bulbapedia.bulbagarden.net\/wiki\/Samurott_(Pok%C3%A9mon)"},{"rdex":"","ndex":"#503","name":"Samurott","type_1":"Water","type_2":"Dark","category":"Regional Form Double Type","pokemon_wiki_url":"bulbapedia.bulbagarden.net\/wiki\/Samurott_(Pok%C3%A9mon)"},{"rdex":"#010","ndex":"#504","name":"Patrat","type_1":"Normal","type_2":"","category":"Normal Form Single Type","pokemon_wiki_url":"bulbapedia.bulbagarden.net\/wiki\/Patrat_(Pok%C3%A9mon)"},{"rdex":"#011","ndex":"#505","name":"Watchog","type_1":"Normal","type_2":"","category":"Normal Form Single Type","pokemon_wiki_url":"bulbapedia.bulbagarden.net\/wiki\/Watchog_(Pok%C3%A9mon)"},{"rdex":"#012","ndex":"#506","name":"Lillipup","type_1":"Normal","type_2":"","category":"Normal Form Single Type","pokemon_wiki_url":"bulbapedia.bulbagarden.net\/wiki\/Lillipup_(Pok%C3%A9mon)"},{"rdex":"#013","ndex":"#507","name":"Herdier","type_1":"Normal","type_2":"","category":"Normal Form Single Type","pokemon_wiki_url":"bulbapedia.bulbagarden.net\/wiki\/Herdier_(Pok%C3%A9mon)"},{"rdex":"#014","ndex":"#508","name":"Stoutland","type_1":"Normal","type_2":"","category":"Normal Form Single Type","pokemon_wiki_url":"bulbapedia.bulbagarden.net\/wiki\/Stoutland_(Pok%C3%A9mon)"},{"rdex":"#015","ndex":"#509","name":"Purrloin","type_1":"Dark","type_2":"","category":"Normal Form Single Type","pokemon_wiki_url":"bulbapedia.bulbagarden.net\/wiki\/Purrloin_(Pok%C3%A9mon)"},{"rdex":"#016","ndex":"#510","name":"Liepard","type_1":"Dark","type_2":"","category":"Normal Form Single Type","pokemon_wiki_url":"bulbapedia.bulbagarden.net\/wiki\/Liepard_(Pok%C3%A9mon)"},{"rdex":"#017","ndex":"#511","name":"Pansage","type_1":"Grass","type_2":"","category":"Normal Form Single Type","pokemon_wiki_url":"bulbapedia.bulbagarden.net\/wiki\/Pansage_(Pok%C3%A9mon)"},{"rdex":"#018","ndex":"#512","name":"Simisage","type_1":"Grass","type_2":"","category":"Normal Form Single Type","pokemon_wiki_url":"bulbapedia.bulbagarden.net\/wiki\/Simisage_(Pok%C3%A9mon)"},{"rdex":"#019","ndex":"#513","name":"Pansear","type_1":"Fire","type_2":"","category":"Normal Form Single Type","pokemon_wiki_url":"bulbapedia.bulbagarden.net\/wiki\/Pansear_(Pok%C3%A9mon)"},{"rdex":"#020","ndex":"#514","name":"Simisear","type_1":"Fire","type_2":"","category":"Normal Form Single Type","pokemon_wiki_url":"bulbapedia.bulbagarden.net\/wiki\/Simisear_(Pok%C3%A9mon)"},{"rdex":"#021","ndex":"#515","name":"Panpour","type_1":"Water","type_2":"","category":"Normal Form Single Type","pokemon_wiki_url":"bulbapedia.bulbagarden.net\/wiki\/Panpour_(Pok%C3%A9mon)"},{"rdex":"#022","ndex":"#516","name":"Simipour","type_1":"Water","type_2":"","category":"Normal Form Single Type","pokemon_wiki_url":"bulbapedia.bulbagarden.net\/wiki\/Simipour_(Pok%C3%A9mon)"},{"rdex":"#023","ndex":"#517","name":"Munna","type_1":"Psychic","type_2":"","category":"Normal Form Single Type","pokemon_wiki_url":"bulbapedia.bulbagarden.net\/wiki\/Munna_(Pok%C3%A9mon)"},{"rdex":"#024","ndex":"#518","name":"Musharna","type_1":"Psychic","type_2":"","category":"Normal Form Single Type","pokemon_wiki_url":"bulbapedia.bulbagarden.net\/wiki\/Musharna_(Pok%C3%A9mon)"},{"rdex":"#025","ndex":"#519","name":"Pidove","type_1":"Normal","type_2":"Flying","category":"Normal Form Double Type","pokemon_wiki_url":"bulbapedia.bulbagarden.net\/wiki\/Pidove_(Pok%C3%A9mon)"},{"rdex":"#026","ndex":"#520","name":"Tranquill","type_1":"Normal","type_2":"Flying","category":"Normal Form Double Type","pokemon_wiki_url":"bulbapedia.bulbagarden.net\/wiki\/Tranquill_(Pok%C3%A9mon)"},{"rdex":"#027","ndex":"#521","name":"Unfezant","type_1":"Normal","type_2":"Flying","category":"Normal Form Double Type","pokemon_wiki_url":"bulbapedia.bulbagarden.net\/wiki\/Unfezant_(Pok%C3%A9mon)"},{"rdex":"#027","ndex":"#521","name":"Unfezant","type_1":"Normal","type_2":"Flying","category":"Normal Form Double Type","pokemon_wiki_url":"bulbapedia.bulbagarden.net\/wiki\/Unfezant_(Pok%C3%A9mon)"},{"rdex":"#028","ndex":"#522","name":"Blitzle","type_1":"Electric","type_2":"","category":"Normal Form Single Type","pokemon_wiki_url":"bulbapedia.bulbagarden.net\/wiki\/Blitzle_(Pok%C3%A9mon)"},{"rdex":"#029","ndex":"#523","name":"Zebstrika","type_1":"Electric","type_2":"","category":"Normal Form Single Type","pokemon_wiki_url":"bulbapedia.bulbagarden.net\/wiki\/Zebstrika_(Pok%C3%A9mon)"},{"rdex":"#030","ndex":"#524","name":"Roggenrola","type_1":"Rock","type_2":"","category":"Normal Form Single Type","pokemon_wiki_url":"bulbapedia.bulbagarden.net\/wiki\/Roggenrola_(Pok%C3%A9mon)"},{"rdex":"#031","ndex":"#525","name":"Boldore","type_1":"Rock","type_2":"","category":"Normal Form Single Type","pokemon_wiki_url":"bulbapedia.bulbagarden.net\/wiki\/Boldore_(Pok%C3%A9mon)"},{"rdex":"#032","ndex":"#526","name":"Gigalith","type_1":"Rock","type_2":"","category":"Normal Form Single Type","pokemon_wiki_url":"bulbapedia.bulbagarden.net\/wiki\/Gigalith_(Pok%C3%A9mon)"},{"rdex":"#033","ndex":"#527","name":"Woobat","type_1":"Psychic","type_2":"Flying","category":"Normal Form Double Type","pokemon_wiki_url":"bulbapedia.bulbagarden.net\/wiki\/Woobat_(Pok%C3%A9mon)"},{"rdex":"#034","ndex":"#528","name":"Swoobat","type_1":"Psychic","type_2":"Flying","category":"Normal Form Double Type","pokemon_wiki_url":"bulbapedia.bulbagarden.net\/wiki\/Swoobat_(Pok%C3%A9mon)"},{"rdex":"#035","ndex":"#529","name":"Drilbur","type_1":"Ground","type_2":"","category":"Normal Form Single Type","pokemon_wiki_url":"bulbapedia.bulbagarden.net\/wiki\/Drilbur_(Pok%C3%A9mon)"},{"rdex":"#036","ndex":"#530","name":"Excadrill","type_1":"Ground","type_2":"Steel","category":"Normal Form Double Type","pokemon_wiki_url":"bulbapedia.bulbagarden.net\/wiki\/Excadrill_(Pok%C3%A9mon)"},{"rdex":"#037","ndex":"#531","name":"Audino","type_1":"Normal","type_2":"","category":"Normal Form Single Type","pokemon_wiki_url":"bulbapedia.bulbagarden.net\/wiki\/Audino_(Pok%C3%A9mon)"},{"rdex":"#038","ndex":"#532","name":"Timburr","type_1":"Fighting","type_2":"","category":"Normal Form Single Type","pokemon_wiki_url":"bulbapedia.bulbagarden.net\/wiki\/Timburr_(Pok%C3%A9mon)"},{"rdex":"#039","ndex":"#533","name":"Gurdurr","type_1":"Fighting","type_2":"","category":"Normal Form Single Type","pokemon_wiki_url":"bulbapedia.bulbagarden.net\/wiki\/Gurdurr_(Pok%C3%A9mon)"},{"rdex":"#040","ndex":"#534","name":"Conkeldurr","type_1":"Fighting","type_2":"","category":"Normal Form Single Type","pokemon_wiki_url":"bulbapedia.bulbagarden.net\/wiki\/Conkeldurr_(Pok%C3%A9mon)"},{"rdex":"#041","ndex":"#535","name":"Tympole","type_1":"Water","type_2":"","category":"Normal Form Single Type","pokemon_wiki_url":"bulbapedia.bulbagarden.net\/wiki\/Tympole_(Pok%C3%A9mon)"},{"rdex":"#042","ndex":"#536","name":"Palpitoad","type_1":"Water","type_2":"Ground","category":"Normal Form Double Type","pokemon_wiki_url":"bulbapedia.bulbagarden.net\/wiki\/Palpitoad_(Pok%C3%A9mon)"},{"rdex":"#043","ndex":"#537","name":"Seismitoad","type_1":"Water","type_2":"Ground","category":"Normal Form Double Type","pokemon_wiki_url":"bulbapedia.bulbagarden.net\/wiki\/Seismitoad_(Pok%C3%A9mon)"},{"rdex":"#044","ndex":"#538","name":"Throh","type_1":"Fighting","type_2":"","category":"Normal Form Single Type","pokemon_wiki_url":"bulbapedia.bulbagarden.net\/wiki\/Throh_(Pok%C3%A9mon)"},{"rdex":"#045","ndex":"#539","name":"Sawk","type_1":"Fighting","type_2":"","category":"Normal Form Single Type","pokemon_wiki_url":"bulbapedia.bulbagarden.net\/wiki\/Sawk_(Pok%C3%A9mon)"},{"rdex":"#046","ndex":"#540","name":"Sewaddle","type_1":"Bug","type_2":"Grass","category":"Normal Form Double Type","pokemon_wiki_url":"bulbapedia.bulbagarden.net\/wiki\/Sewaddle_(Pok%C3%A9mon)"},{"rdex":"#047","ndex":"#541","name":"Swadloon","type_1":"Bug","type_2":"Grass","category":"Normal Form Double Type","pokemon_wiki_url":"bulbapedia.bulbagarden.net\/wiki\/Swadloon_(Pok%C3%A9mon)"},{"rdex":"#048","ndex":"#542","name":"Leavanny","type_1":"Bug","type_2":"Grass","category":"Normal Form Double Type","pokemon_wiki_url":"bulbapedia.bulbagarden.net\/wiki\/Leavanny_(Pok%C3%A9mon)"},{"rdex":"#049","ndex":"#543","name":"Venipede","type_1":"Bug","type_2":"Poison","category":"Normal Form Double Type","pokemon_wiki_url":"bulbapedia.bulbagarden.net\/wiki\/Venipede_(Pok%C3%A9mon)"},{"rdex":"#050","ndex":"#544","name":"Whirlipede","type_1":"Bug","type_2":"Poison","category":"Normal Form Double Type","pokemon_wiki_url":"bulbapedia.bulbagarden.net\/wiki\/Whirlipede_(Pok%C3%A9mon)"},{"rdex":"#051","ndex":"#545","name":"Scolipede","type_1":"Bug","type_2":"Poison","category":"Normal Form Double Type","pokemon_wiki_url":"bulbapedia.bulbagarden.net\/wiki\/Scolipede_(Pok%C3%A9mon)"},{"rdex":"#052","ndex":"#546","name":"Cottonee","type_1":"Grass","type_2":"Fairy","category":"Normal Form Double Type","pokemon_wiki_url":"bulbapedia.bulbagarden.net\/wiki\/Cottonee_(Pok%C3%A9mon)"},{"rdex":"#053","ndex":"#547","name":"Whimsicott","type_1":"Grass","type_2":"Fairy","category":"Normal Form Double Type","pokemon_wiki_url":"bulbapedia.bulbagarden.net\/wiki\/Whimsicott_(Pok%C3%A9mon)"},{"rdex":"#054","ndex":"#548","name":"Petilil","type_1":"Grass","type_2":"","category":"Normal Form Single Type","pokemon_wiki_url":"bulbapedia.bulbagarden.net\/wiki\/Petilil_(Pok%C3%A9mon)"},{"rdex":"#055","ndex":"#549","name":"Lilligant","type_1":"Grass","type_2":"","category":"Normal Form Single Type","pokemon_wiki_url":"bulbapedia.bulbagarden.net\/wiki\/Lilligant_(Pok%C3%A9mon)"},{"rdex":"","ndex":"#549","name":"Lilligant","type_1":"Grass","type_2":"Fighting","category":"Regional Form Double Type","pokemon_wiki_url":"bulbapedia.bulbagarden.net\/wiki\/Lilligant_(Pok%C3%A9mon)"},{"rdex":"#056","ndex":"#550","name":"Basculin","type_1":"Water","type_2":"","category":"Normal Form Single Type","pokemon_wiki_url":"bulbapedia.bulbagarden.net\/wiki\/Basculin_(Pok%C3%A9mon)"},{"rdex":"#056","ndex":"#550","name":"Basculin","type_1":"Water","type_2":"","category":"Normal Form Single Type","pokemon_wiki_url":"bulbapedia.bulbagarden.net\/wiki\/Basculin_(Pok%C3%A9mon)"},{"rdex":"","ndex":"#550","name":"Basculin","type_1":"Water","type_2":"","category":"Regional Form Single Type","pokemon_wiki_url":"bulbapedia.bulbagarden.net\/wiki\/Basculin_(Pok%C3%A9mon)"},{"rdex":"#057","ndex":"#551","name":"Sandile","type_1":"Ground","type_2":"Dark","category":"Normal Form Double Type","pokemon_wiki_url":"bulbapedia.bulbagarden.net\/wiki\/Sandile_(Pok%C3%A9mon)"},{"rdex":"#058","ndex":"#552","name":"Krokorok","type_1":"Ground","type_2":"Dark","category":"Normal Form Double Type","pokemon_wiki_url":"bulbapedia.bulbagarden.net\/wiki\/Krokorok_(Pok%C3%A9mon)"},{"rdex":"#059","ndex":"#553","name":"Krookodile","type_1":"Ground","type_2":"Dark","category":"Normal Form Double Type","pokemon_wiki_url":"bulbapedia.bulbagarden.net\/wiki\/Krookodile_(Pok%C3%A9mon)"},{"rdex":"#060","ndex":"#554","name":"Darumaka","type_1":"Fire","type_2":"","category":"Normal Form Single Type","pokemon_wiki_url":"bulbapedia.bulbagarden.net\/wiki\/Darumaka_(Pok%C3%A9mon)"},{"rdex":"","ndex":"#554","name":"Darumaka","type_1":"Ice","type_2":"","category":"Regional Form Single Type","pokemon_wiki_url":"bulbapedia.bulbagarden.net\/wiki\/Darumaka_(Pok%C3%A9mon)"},{"rdex":"#061","ndex":"#555","name":"Darmanitan","type_1":"Fire","type_2":"","category":"Normal Form Single Type","pokemon_wiki_url":"bulbapedia.bulbagarden.net\/wiki\/Darmanitan_(Pok%C3%A9mon)"},{"rdex":"#061","ndex":"#555","name":"Darmanitan","type_1":"Fire","type_2":"Psychic","category":"Normal Form Double Type","pokemon_wiki_url":"bulbapedia.bulbagarden.net\/wiki\/Darmanitan_(Pok%C3%A9mon)"},{"rdex":"","ndex":"#555","name":"Darmanitan","type_1":"Ice","type_2":"","category":"Regional Form Single Type","pokemon_wiki_url":"bulbapedia.bulbagarden.net\/wiki\/Darmanitan_(Pok%C3%A9mon)"},{"rdex":"","ndex":"#555","name":"Darmanitan","type_1":"Ice","type_2":"Fire","category":"Regional Form Double Type","pokemon_wiki_url":"bulbapedia.bulbagarden.net\/wiki\/Darmanitan_(Pok%C3%A9mon)"},{"rdex":"#062","ndex":"#556","name":"Maractus","type_1":"Grass","type_2":"","category":"Normal Form Single Type","pokemon_wiki_url":"bulbapedia.bulbagarden.net\/wiki\/Maractus_(Pok%C3%A9mon)"},{"rdex":"#063","ndex":"#557","name":"Dwebble","type_1":"Bug","type_2":"Rock","category":"Normal Form Double Type","pokemon_wiki_url":"bulbapedia.bulbagarden.net\/wiki\/Dwebble_(Pok%C3%A9mon)"},{"rdex":"#064","ndex":"#558","name":"Crustle","type_1":"Bug","type_2":"Rock","category":"Normal Form Double Type","pokemon_wiki_url":"bulbapedia.bulbagarden.net\/wiki\/Crustle_(Pok%C3%A9mon)"},{"rdex":"#065","ndex":"#559","name":"Scraggy","type_1":"Dark","type_2":"Fighting","category":"Normal Form Double Type","pokemon_wiki_url":"bulbapedia.bulbagarden.net\/wiki\/Scraggy_(Pok%C3%A9mon)"},{"rdex":"#066","ndex":"#560","name":"Scrafty","type_1":"Dark","type_2":"Fighting","category":"Normal Form Double Type","pokemon_wiki_url":"bulbapedia.bulbagarden.net\/wiki\/Scrafty_(Pok%C3%A9mon)"},{"rdex":"#067","ndex":"#561","name":"Sigilyph","type_1":"Psychic","type_2":"Flying","category":"Normal Form Double Type","pokemon_wiki_url":"bulbapedia.bulbagarden.net\/wiki\/Sigilyph_(Pok%C3%A9mon)"},{"rdex":"#068","ndex":"#562","name":"Yamask","type_1":"Ghost","type_2":"","category":"Normal Form Single Type","pokemon_wiki_url":"bulbapedia.bulbagarden.net\/wiki\/Yamask_(Pok%C3%A9mon)"},{"rdex":"","ndex":"#562","name":"Yamask","type_1":"Ground","type_2":"Ghost","category":"Regional Form Double Type","pokemon_wiki_url":"bulbapedia.bulbagarden.net\/wiki\/Yamask_(Pok%C3%A9mon)"},{"rdex":"#069","ndex":"#563","name":"Cofagrigus","type_1":"Ghost","type_2":"","category":"Normal Form Single Type","pokemon_wiki_url":"bulbapedia.bulbagarden.net\/wiki\/Cofagrigus_(Pok%C3%A9mon)"},{"rdex":"#070","ndex":"#564","name":"Tirtouga","type_1":"Water","type_2":"Rock","category":"Normal Form Double Type","pokemon_wiki_url":"bulbapedia.bulbagarden.net\/wiki\/Tirtouga_(Pok%C3%A9mon)"},{"rdex":"#071","ndex":"#565","name":"Carracosta","type_1":"Water","type_2":"Rock","category":"Normal Form Double Type","pokemon_wiki_url":"bulbapedia.bulbagarden.net\/wiki\/Carracosta_(Pok%C3%A9mon)"},{"rdex":"#072","ndex":"#566","name":"Archen","type_1":"Rock","type_2":"Flying","category":"Normal Form Double Type","pokemon_wiki_url":"bulbapedia.bulbagarden.net\/wiki\/Archen_(Pok%C3%A9mon)"},{"rdex":"#073","ndex":"#567","name":"Archeops","type_1":"Rock","type_2":"Flying","category":"Normal Form Double Type","pokemon_wiki_url":"bulbapedia.bulbagarden.net\/wiki\/Archeops_(Pok%C3%A9mon)"},{"rdex":"#074","ndex":"#568","name":"Trubbish","type_1":"Poison","type_2":"","category":"Normal Form Single Type","pokemon_wiki_url":"bulbapedia.bulbagarden.net\/wiki\/Trubbish_(Pok%C3%A9mon)"},{"rdex":"#075","ndex":"#569","name":"Garbodor","type_1":"Poison","type_2":"","category":"Normal Form Single Type","pokemon_wiki_url":"bulbapedia.bulbagarden.net\/wiki\/Garbodor_(Pok%C3%A9mon)"},{"rdex":"#076","ndex":"#570","name":"Zorua","type_1":"Dark","type_2":"","category":"Normal Form Single Type","pokemon_wiki_url":"bulbapedia.bulbagarden.net\/wiki\/Zorua_(Pok%C3%A9mon)"},{"rdex":"","ndex":"#570","name":"Zorua","type_1":"Normal","type_2":"Ghost","category":"Regional Form Double Type","pokemon_wiki_url":"bulbapedia.bulbagarden.net\/wiki\/Zorua_(Pok%C3%A9mon)"},{"rdex":"#077","ndex":"#571","name":"Zoroark","type_1":"Dark","type_2":"","category":"Normal Form Single Type","pokemon_wiki_url":"bulbapedia.bulbagarden.net\/wiki\/Zoroark_(Pok%C3%A9mon)"},{"rdex":"","ndex":"#571","name":"Zoroark","type_1":"Normal","type_2":"Ghost","category":"Regional Form Double Type","pokemon_wiki_url":"bulbapedia.bulbagarden.net\/wiki\/Zoroark_(Pok%C3%A9mon)"},{"rdex":"#078","ndex":"#572","name":"Minccino","type_1":"Normal","type_2":"","category":"Normal Form Single Type","pokemon_wiki_url":"bulbapedia.bulbagarden.net\/wiki\/Minccino_(Pok%C3%A9mon)"},{"rdex":"#079","ndex":"#573","name":"Cinccino","type_1":"Normal","type_2":"","category":"Normal Form Single Type","pokemon_wiki_url":"bulbapedia.bulbagarden.net\/wiki\/Cinccino_(Pok%C3%A9mon)"},{"rdex":"#080","ndex":"#574","name":"Gothita","type_1":"Psychic","type_2":"","category":"Normal Form Single Type","pokemon_wiki_url":"bulbapedia.bulbagarden.net\/wiki\/Gothita_(Pok%C3%A9mon)"},{"rdex":"#081","ndex":"#575","name":"Gothorita","type_1":"Psychic","type_2":"","category":"Normal Form Single Type","pokemon_wiki_url":"bulbapedia.bulbagarden.net\/wiki\/Gothorita_(Pok%C3%A9mon)"},{"rdex":"#082","ndex":"#576","name":"Gothitelle","type_1":"Psychic","type_2":"","category":"Normal Form Single Type","pokemon_wiki_url":"bulbapedia.bulbagarden.net\/wiki\/Gothitelle_(Pok%C3%A9mon)"},{"rdex":"#083","ndex":"#577","name":"Solosis","type_1":"Psychic","type_2":"","category":"Normal Form Single Type","pokemon_wiki_url":"bulbapedia.bulbagarden.net\/wiki\/Solosis_(Pok%C3%A9mon)"},{"rdex":"#084","ndex":"#578","name":"Duosion","type_1":"Psychic","type_2":"","category":"Normal Form Single Type","pokemon_wiki_url":"bulbapedia.bulbagarden.net\/wiki\/Duosion_(Pok%C3%A9mon)"},{"rdex":"#085","ndex":"#579","name":"Reuniclus","type_1":"Psychic","type_2":"","category":"Normal Form Single Type","pokemon_wiki_url":"bulbapedia.bulbagarden.net\/wiki\/Reuniclus_(Pok%C3%A9mon)"},{"rdex":"#086","ndex":"#580","name":"Ducklett","type_1":"Water","type_2":"Flying","category":"Normal Form Double Type","pokemon_wiki_url":"bulbapedia.bulbagarden.net\/wiki\/Ducklett_(Pok%C3%A9mon)"},{"rdex":"#087","ndex":"#581","name":"Swanna","type_1":"Water","type_2":"Flying","category":"Normal Form Double Type","pokemon_wiki_url":"bulbapedia.bulbagarden.net\/wiki\/Swanna_(Pok%C3%A9mon)"},{"rdex":"#088","ndex":"#582","name":"Vanillite","type_1":"Ice","type_2":"","category":"Normal Form Single Type","pokemon_wiki_url":"bulbapedia.bulbagarden.net\/wiki\/Vanillite_(Pok%C3%A9mon)"},{"rdex":"#089","ndex":"#583","name":"Vanillish","type_1":"Ice","type_2":"","category":"Normal Form Single Type","pokemon_wiki_url":"bulbapedia.bulbagarden.net\/wiki\/Vanillish_(Pok%C3%A9mon)"},{"rdex":"#090","ndex":"#584","name":"Vanilluxe","type_1":"Ice","type_2":"","category":"Normal Form Single Type","pokemon_wiki_url":"bulbapedia.bulbagarden.net\/wiki\/Vanilluxe_(Pok%C3%A9mon)"},{"rdex":"#091","ndex":"#585","name":"Deerling","type_1":"Normal","type_2":"Grass","category":"Normal Form Double Type","pokemon_wiki_url":"bulbapedia.bulbagarden.net\/wiki\/Deerling_(Pok%C3%A9mon)"},{"rdex":"#092","ndex":"#586","name":"Sawsbuck","type_1":"Normal","type_2":"Grass","category":"Normal Form Double Type","pokemon_wiki_url":"bulbapedia.bulbagarden.net\/wiki\/Sawsbuck_(Pok%C3%A9mon)"},{"rdex":"#093","ndex":"#587","name":"Emolga","type_1":"Electric","type_2":"Flying","category":"Normal Form Double Type","pokemon_wiki_url":"bulbapedia.bulbagarden.net\/wiki\/Emolga_(Pok%C3%A9mon)"},{"rdex":"#094","ndex":"#588","name":"Karrablast","type_1":"Bug","type_2":"","category":"Normal Form Single Type","pokemon_wiki_url":"bulbapedia.bulbagarden.net\/wiki\/Karrablast_(Pok%C3%A9mon)"},{"rdex":"#095","ndex":"#589","name":"Escavalier","type_1":"Bug","type_2":"Steel","category":"Normal Form Double Type","pokemon_wiki_url":"bulbapedia.bulbagarden.net\/wiki\/Escavalier_(Pok%C3%A9mon)"},{"rdex":"#096","ndex":"#590","name":"Foongus","type_1":"Grass","type_2":"Poison","category":"Normal Form Double Type","pokemon_wiki_url":"bulbapedia.bulbagarden.net\/wiki\/Foongus_(Pok%C3%A9mon)"},{"rdex":"#097","ndex":"#591","name":"Amoonguss","type_1":"Grass","type_2":"Poison","category":"Normal Form Double Type","pokemon_wiki_url":"bulbapedia.bulbagarden.net\/wiki\/Amoonguss_(Pok%C3%A9mon)"},{"rdex":"#098","ndex":"#592","name":"Frillish","type_1":"Water","type_2":"Ghost","category":"Normal Form Double Type","pokemon_wiki_url":"bulbapedia.bulbagarden.net\/wiki\/Frillish_(Pok%C3%A9mon)"},{"rdex":"#098","ndex":"#592","name":"Frillish","type_1":"Water","type_2":"Ghost","category":"Normal Form Double Type","pokemon_wiki_url":"bulbapedia.bulbagarden.net\/wiki\/Frillish_(Pok%C3%A9mon)"},{"rdex":"#099","ndex":"#593","name":"Jellicent","type_1":"Water","type_2":"Ghost","category":"Normal Form Double Type","pokemon_wiki_url":"bulbapedia.bulbagarden.net\/wiki\/Jellicent_(Pok%C3%A9mon)"},{"rdex":"#099","ndex":"#593","name":"Jellicent","type_1":"Water","type_2":"Ghost","category":"Normal Form Double Type","pokemon_wiki_url":"bulbapedia.bulbagarden.net\/wiki\/Jellicent_(Pok%C3%A9mon)"},{"rdex":"#100","ndex":"#594","name":"Alomomola","type_1":"Water","type_2":"","category":"Normal Form Single Type","pokemon_wiki_url":"bulbapedia.bulbagarden.net\/wiki\/Alomomola_(Pok%C3%A9mon)"},{"rdex":"#101","ndex":"#595","name":"Joltik","type_1":"Bug","type_2":"Electric","category":"Normal Form Double Type","pokemon_wiki_url":"bulbapedia.bulbagarden.net\/wiki\/Joltik_(Pok%C3%A9mon)"},{"rdex":"#102","ndex":"#596","name":"Galvantula","type_1":"Bug","type_2":"Electric","category":"Normal Form Double Type","pokemon_wiki_url":"bulbapedia.bulbagarden.net\/wiki\/Galvantula_(Pok%C3%A9mon)"},{"rdex":"#103","ndex":"#597","name":"Ferroseed","type_1":"Grass","type_2":"Steel","category":"Normal Form Double Type","pokemon_wiki_url":"bulbapedia.bulbagarden.net\/wiki\/Ferroseed_(Pok%C3%A9mon)"},{"rdex":"#104","ndex":"#598","name":"Ferrothorn","type_1":"Grass","type_2":"Steel","category":"Normal Form Double Type","pokemon_wiki_url":"bulbapedia.bulbagarden.net\/wiki\/Ferrothorn_(Pok%C3%A9mon)"},{"rdex":"#105","ndex":"#599","name":"Klink","type_1":"Steel","type_2":"","category":"Normal Form Single Type","pokemon_wiki_url":"bulbapedia.bulbagarden.net\/wiki\/Klink_(Pok%C3%A9mon)"},{"rdex":"#106","ndex":"#600","name":"Klang","type_1":"Steel","type_2":"","category":"Normal Form Single Type","pokemon_wiki_url":"bulbapedia.bulbagarden.net\/wiki\/Klang_(Pok%C3%A9mon)"},{"rdex":"#107","ndex":"#601","name":"Klinklang","type_1":"Steel","type_2":"","category":"Normal Form Single Type","pokemon_wiki_url":"bulbapedia.bulbagarden.net\/wiki\/Klinklang_(Pok%C3%A9mon)"},{"rdex":"#108","ndex":"#602","name":"Tynamo","type_1":"Electric","type_2":"","category":"Normal Form Single Type","pokemon_wiki_url":"bulbapedia.bulbagarden.net\/wiki\/Tynamo_(Pok%C3%A9mon)"},{"rdex":"#109","ndex":"#603","name":"Eelektrik","type_1":"Electric","type_2":"","category":"Normal Form Single Type","pokemon_wiki_url":"bulbapedia.bulbagarden.net\/wiki\/Eelektrik_(Pok%C3%A9mon)"},{"rdex":"#110","ndex":"#604","name":"Eelektross","type_1":"Electric","type_2":"","category":"Normal Form Single Type","pokemon_wiki_url":"bulbapedia.bulbagarden.net\/wiki\/Eelektross_(Pok%C3%A9mon)"},{"rdex":"#111","ndex":"#605","name":"Elgyem","type_1":"Psychic","type_2":"","category":"Normal Form Single Type","pokemon_wiki_url":"bulbapedia.bulbagarden.net\/wiki\/Elgyem_(Pok%C3%A9mon)"},{"rdex":"#112","ndex":"#606","name":"Beheeyem","type_1":"Psychic","type_2":"","category":"Normal Form Single Type","pokemon_wiki_url":"bulbapedia.bulbagarden.net\/wiki\/Beheeyem_(Pok%C3%A9mon)"},{"rdex":"#113","ndex":"#607","name":"Litwick","type_1":"Ghost","type_2":"Fire","category":"Normal Form Double Type","pokemon_wiki_url":"bulbapedia.bulbagarden.net\/wiki\/Litwick_(Pok%C3%A9mon)"},{"rdex":"#114","ndex":"#608","name":"Lampent","type_1":"Ghost","type_2":"Fire","category":"Normal Form Double Type","pokemon_wiki_url":"bulbapedia.bulbagarden.net\/wiki\/Lampent_(Pok%C3%A9mon)"},{"rdex":"#115","ndex":"#609","name":"Chandelure","type_1":"Ghost","type_2":"Fire","category":"Normal Form Double Type","pokemon_wiki_url":"bulbapedia.bulbagarden.net\/wiki\/Chandelure_(Pok%C3%A9mon)"},{"rdex":"#116","ndex":"#610","name":"Axew","type_1":"Dragon","type_2":"","category":"Normal Form Single Type","pokemon_wiki_url":"bulbapedia.bulbagarden.net\/wiki\/Axew_(Pok%C3%A9mon)"},{"rdex":"#117","ndex":"#611","name":"Fraxure","type_1":"Dragon","type_2":"","category":"Normal Form Single Type","pokemon_wiki_url":"bulbapedia.bulbagarden.net\/wiki\/Fraxure_(Pok%C3%A9mon)"},{"rdex":"#118","ndex":"#612","name":"Haxorus","type_1":"Dragon","type_2":"","category":"Normal Form Single Type","pokemon_wiki_url":"bulbapedia.bulbagarden.net\/wiki\/Haxorus_(Pok%C3%A9mon)"},{"rdex":"#119","ndex":"#613","name":"Cubchoo","type_1":"Ice","type_2":"","category":"Normal Form Single Type","pokemon_wiki_url":"bulbapedia.bulbagarden.net\/wiki\/Cubchoo_(Pok%C3%A9mon)"},{"rdex":"#120","ndex":"#614","name":"Beartic","type_1":"Ice","type_2":"","category":"Normal Form Single Type","pokemon_wiki_url":"bulbapedia.bulbagarden.net\/wiki\/Beartic_(Pok%C3%A9mon)"},{"rdex":"#121","ndex":"#615","name":"Cryogonal","type_1":"Ice","type_2":"","category":"Normal Form Single Type","pokemon_wiki_url":"bulbapedia.bulbagarden.net\/wiki\/Cryogonal_(Pok%C3%A9mon)"},{"rdex":"#122","ndex":"#616","name":"Shelmet","type_1":"Bug","type_2":"","category":"Normal Form Single Type","pokemon_wiki_url":"bulbapedia.bulbagarden.net\/wiki\/Shelmet_(Pok%C3%A9mon)"},{"rdex":"#123","ndex":"#617","name":"Accelgor","type_1":"Bug","type_2":"","category":"Normal Form Single Type","pokemon_wiki_url":"bulbapedia.bulbagarden.net\/wiki\/Accelgor_(Pok%C3%A9mon)"},{"rdex":"#124","ndex":"#618","name":"Stunfisk","type_1":"Ground","type_2":"Electric","category":"Normal Form Double Type","pokemon_wiki_url":"bulbapedia.bulbagarden.net\/wiki\/Stunfisk_(Pok%C3%A9mon)"},{"rdex":"","ndex":"#618","name":"Stunfisk","type_1":"Ground","type_2":"Steel","category":"Regional Form Double Type","pokemon_wiki_url":"bulbapedia.bulbagarden.net\/wiki\/Stunfisk_(Pok%C3%A9mon)"},{"rdex":"#125","ndex":"#619","name":"Mienfoo","type_1":"Fighting","type_2":"","category":"Normal Form Single Type","pokemon_wiki_url":"bulbapedia.bulbagarden.net\/wiki\/Mienfoo_(Pok%C3%A9mon)"},{"rdex":"#126","ndex":"#620","name":"Mienshao","type_1":"Fighting","type_2":"","category":"Normal Form Single Type","pokemon_wiki_url":"bulbapedia.bulbagarden.net\/wiki\/Mienshao_(Pok%C3%A9mon)"},{"rdex":"#127","ndex":"#621","name":"Druddigon","type_1":"Dragon","type_2":"","category":"Normal Form Single Type","pokemon_wiki_url":"bulbapedia.bulbagarden.net\/wiki\/Druddigon_(Pok%C3%A9mon)"},{"rdex":"#128","ndex":"#622","name":"Golett","type_1":"Ground","type_2":"Ghost","category":"Normal Form Double Type","pokemon_wiki_url":"bulbapedia.bulbagarden.net\/wiki\/Golett_(Pok%C3%A9mon)"},{"rdex":"#129","ndex":"#623","name":"Golurk","type_1":"Ground","type_2":"Ghost","category":"Normal Form Double Type","pokemon_wiki_url":"bulbapedia.bulbagarden.net\/wiki\/Golurk_(Pok%C3%A9mon)"},{"rdex":"#130","ndex":"#624","name":"Pawniard","type_1":"Dark","type_2":"Steel","category":"Normal Form Double Type","pokemon_wiki_url":"bulbapedia.bulbagarden.net\/wiki\/Pawniard_(Pok%C3%A9mon)"},{"rdex":"#131","ndex":"#625","name":"Bisharp","type_1":"Dark","type_2":"Steel","category":"Normal Form Double Type","pokemon_wiki_url":"bulbapedia.bulbagarden.net\/wiki\/Bisharp_(Pok%C3%A9mon)"},{"rdex":"#132","ndex":"#626","name":"Bouffalant","type_1":"Normal","type_2":"","category":"Normal Form Single Type","pokemon_wiki_url":"bulbapedia.bulbagarden.net\/wiki\/Bouffalant_(Pok%C3%A9mon)"},{"rdex":"#133","ndex":"#627","name":"Rufflet","type_1":"Normal","type_2":"Flying","category":"Normal Form Double Type","pokemon_wiki_url":"bulbapedia.bulbagarden.net\/wiki\/Rufflet_(Pok%C3%A9mon)"},{"rdex":"#134","ndex":"#628","name":"Braviary","type_1":"Normal","type_2":"Flying","category":"Normal Form Double Type","pokemon_wiki_url":"bulbapedia.bulbagarden.net\/wiki\/Braviary_(Pok%C3%A9mon)"},{"rdex":"","ndex":"#628","name":"Braviary","type_1":"Psychic","type_2":"Flying","category":"Regional Form Double Type","pokemon_wiki_url":"bulbapedia.bulbagarden.net\/wiki\/Braviary_(Pok%C3%A9mon)"},{"rdex":"#135","ndex":"#629","name":"Vullaby","type_1":"Dark","type_2":"Flying","category":"Normal Form Double Type","pokemon_wiki_url":"bulbapedia.bulbagarden.net\/wiki\/Vullaby_(Pok%C3%A9mon)"},{"rdex":"#136","ndex":"#630","name":"Mandibuzz","type_1":"Dark","type_2":"Flying","category":"Normal Form Double Type","pokemon_wiki_url":"bulbapedia.bulbagarden.net\/wiki\/Mandibuzz_(Pok%C3%A9mon)"},{"rdex":"#137","ndex":"#631","name":"Heatmor","type_1":"Fire","type_2":"","category":"Normal Form Single Type","pokemon_wiki_url":"bulbapedia.bulbagarden.net\/wiki\/Heatmor_(Pok%C3%A9mon)"},{"rdex":"#138","ndex":"#632","name":"Durant","type_1":"Bug","type_2":"Steel","category":"Normal Form Double Type","pokemon_wiki_url":"bulbapedia.bulbagarden.net\/wiki\/Durant_(Pok%C3%A9mon)"},{"rdex":"#139","ndex":"#633","name":"Deino","type_1":"Dark","type_2":"Dragon","category":"Normal Form Double Type","pokemon_wiki_url":"bulbapedia.bulbagarden.net\/wiki\/Deino_(Pok%C3%A9mon)"},{"rdex":"#140","ndex":"#634","name":"Zweilous","type_1":"Dark","type_2":"Dragon","category":"Normal Form Double Type","pokemon_wiki_url":"bulbapedia.bulbagarden.net\/wiki\/Zweilous_(Pok%C3%A9mon)"},{"rdex":"#141","ndex":"#635","name":"Hydreigon","type_1":"Dark","type_2":"Dragon","category":"Normal Form Double Type","pokemon_wiki_url":"bulbapedia.bulbagarden.net\/wiki\/Hydreigon_(Pok%C3%A9mon)"},{"rdex":"#142","ndex":"#636","name":"Larvesta","type_1":"Bug","type_2":"Fire","category":"Normal Form Double Type","pokemon_wiki_url":"bulbapedia.bulbagarden.net\/wiki\/Larvesta_(Pok%C3%A9mon)"},{"rdex":"#143","ndex":"#637","name":"Volcarona","type_1":"Bug","type_2":"Fire","category":"Normal Form Double Type","pokemon_wiki_url":"bulbapedia.bulbagarden.net\/wiki\/Volcarona_(Pok%C3%A9mon)"},{"rdex":"#144","ndex":"#638","name":"Cobalion","type_1":"Steel","type_2":"Fighting","category":"Normal Form Double Type","pokemon_wiki_url":"bulbapedia.bulbagarden.net\/wiki\/Cobalion_(Pok%C3%A9mon)"},{"rdex":"#145","ndex":"#639","name":"Terrakion","type_1":"Rock","type_2":"Fighting","category":"Normal Form Double Type","pokemon_wiki_url":"bulbapedia.bulbagarden.net\/wiki\/Terrakion_(Pok%C3%A9mon)"},{"rdex":"#146","ndex":"#640","name":"Virizion","type_1":"Grass","type_2":"Fighting","category":"Normal Form Double Type","pokemon_wiki_url":"bulbapedia.bulbagarden.net\/wiki\/Virizion_(Pok%C3%A9mon)"},{"rdex":"#147","ndex":"#641","name":"Tornadus","type_1":"Flying","type_2":"","category":"Normal Form Single Type","pokemon_wiki_url":"bulbapedia.bulbagarden.net\/wiki\/Tornadus_(Pok%C3%A9mon)"},{"rdex":"#148","ndex":"#642","name":"Thundurus","type_1":"Electric","type_2":"Flying","category":"Normal Form Double Type","pokemon_wiki_url":"bulbapedia.bulbagarden.net\/wiki\/Thundurus_(Pok%C3%A9mon)"},{"rdex":"#149","ndex":"#643","name":"Reshiram","type_1":"Dragon","type_2":"Fire","category":"Normal Form Double Type","pokemon_wiki_url":"bulbapedia.bulbagarden.net\/wiki\/Reshiram_(Pok%C3%A9mon)"},{"rdex":"#150","ndex":"#644","name":"Zekrom","type_1":"Dragon","type_2":"Electric","category":"Normal Form Double Type","pokemon_wiki_url":"bulbapedia.bulbagarden.net\/wiki\/Zekrom_(Pok%C3%A9mon)"},{"rdex":"#151","ndex":"#645","name":"Landorus","type_1":"Ground","type_2":"Flying","category":"Normal Form Double Type","pokemon_wiki_url":"bulbapedia.bulbagarden.net\/wiki\/Landorus_(Pok%C3%A9mon)"},{"rdex":"#152","ndex":"#646","name":"Kyurem","type_1":"Dragon","type_2":"Ice","category":"Normal Form Double Type","pokemon_wiki_url":"bulbapedia.bulbagarden.net\/wiki\/Kyurem_(Pok%C3%A9mon)"},{"rdex":"#153","ndex":"#647","name":"Keldeo","type_1":"Water","type_2":"Fighting","category":"Normal Form Double Type","pokemon_wiki_url":"bulbapedia.bulbagarden.net\/wiki\/Keldeo_(Pok%C3%A9mon)"},{"rdex":"#154","ndex":"#648","name":"Meloetta","type_1":"Normal","type_2":"Psychic","category":"Normal Form Double Type","pokemon_wiki_url":"bulbapedia.bulbagarden.net\/wiki\/Meloetta_(Pok%C3%A9mon)"},{"rdex":"#154","ndex":"#648","name":"Meloetta","type_1":"Normal","type_2":"Fighting","category":"Normal Form Double Type","pokemon_wiki_url":"bulbapedia.bulbagarden.net\/wiki\/Meloetta_(Pok%C3%A9mon)"},{"rdex":"#155","ndex":"#649","name":"Genesect","type_1":"Bug","type_2":"Steel","category":"Normal Form Double Type","pokemon_wiki_url":"bulbapedia.bulbagarden.net\/wiki\/Genesect_(Pok%C3%A9mon)"}]