[{"headline":"A prolonged China slowdown raises risks for global economy, IMF chief says","date":"Apr 21, 2022 9:45 PM PHT","author":"Reuters","full_article":"BOAO, China \u2013\u00a0A prolonged slowdown in China would have substantial global spillovers, International Monetary Fund (IMF) Managing Director Kristalina Georgieva said on Thursday, April 21, but added that Beijing has room to adjust policy to provide support. The IMF on Tuesday, April 19, cut its growth forecast for China this year to 4.4%, well below Beijing\u2019s target of around 5.5%, on the risks of widespread COVID-19 lockdowns and supply chain disruptions. In a video speech to the annual Boao Forum for Asia, Georgieva said China\u2019s actions to counter its economic slowdown are vital for the global recovery. \u201cFortunately, China has policy space to provide macroeconomic policy support, including shifting the focus toward vulnerable households to strengthen consumption, which can also help support China\u2019s climate goals by steering economic activity to lower-carbon sectors,\u201d Georgieva added. \u201cStronger policy efforts in the property sector can also help secure a balanced recovery.\u201d At the same venue, China\u2019s President Xi Jinping said China\u2019s economy is resilient and that its long-term trend had not changed. In light of growing headwinds, foreign brokerages have also been slashing gross domestic product (GDP) forecasts for China, after weakness in March activity data raised outlook risks as the lockdown in the mega city of Shanghai drags on. Barclays on Tuesday cut their already below-consensus forecast to 4.3%, from 4.5% previously, while BofA downgraded their forecast for this year to 4.2%, from 4.8% before. Nomura on Thursday revised their forecast to 3.9% this year, from 4.3% previously, and second-quarter growth is expected to expand by a meager 1.8%, according to their baseline estimates. \u201cWhat we see in China is that consumption is falling short, it is not recovering as strongly as necessary,\u201d Georgieva told a news conference at the IMF and World Bank spring meetings on Wednesday, April 20. \u201cSo rather than moving money into public investments, move it into the pockets of people, so there is more dynamism coming from a consumption boom.\u201d China\u2019s commerce ministry said on Thursday it would roll out targeted measures to boost a recovery in consumption. Spending has been hit hard by lockdowns across the country that began last month to contain the spread of COVID-19. Final consumption accounted for 69.4% of China\u2019s GDP growth in the first quarter, according to official data. \u2013 Rappler.com"},{"headline":"Withdraw from race? \u2018This fight is more than all of us combined,\u2019 says Robredo","date":"Apr 21, 2022 8:00 PM PHT","author":"Bea Cupin","full_article":"CEBU, Philippines \u2013 Vice President Leni Robredo insisted twice during a chance interview on Thursday, April 21, that she is not keen on responding to allegations thrown about by her political rivals in the homestretch of the campaign, as well as the call for her to withdraw from the presidential race. At a campaign stop in Bogo City in vote-rich Cebu province, Robredo was asked about Manila Mayor Isko Moreno\u2019s \u201cchallenge\u201d for the Vice President and her camp to deny that they had been pressuring candidates who\u2019ve lagged behind in opinion polls to withdraw from the race. Moreno, Senator Ping Lacson, and former defense chief Norberto Gonzales, in a joint Easter Sunday press conference, had insisted they would not step down from the race. But it was Moreno who went the extra mile and said that Robredo should withdraw from the race, never mind that Robredo was way ahead of all of them in pre-election voter preference surveys, though still a distant second to survey front runner Ferdinand Marcos Jr. Asked about Moreno\u2019s call and his subsequent challenge, Robredo told reporters: \u201cHindi ko siya papatulan. Dahil hindi naman ito simpleng laban lang naming dalawa. Laban ito ng bayan natin. May mas malaking laban na kailangan nating panalunin.\u201d (I won\u2019t indulge him. This isn\u2019t just a simple battle between the two of us. This is our nation\u2019s battle. We have a bigger battle that must be won.) Robredo pointed out that it was an \u201cextraordinary\u201d election in 2022. While that\u2019s almost true for every presidential race, the 2022 contest has as its voter preference poll leader Marcos Jr., the son of the late dictator. The country is also at a major crossroads \u2013 trying to recover from two years of uncertainty and economic hardship because of the COVID-19 pandemic. \u201cHindi na tayo magsi-spend ng time na makipag-away sa ibang kandidato. Kasi \u2018yung laban na ito is more than all of us combined,\u201d Robredo added. (I won\u2019t spend time quarreling with other candidates. This battle is bigger than all of us combined.) It was also during that controversial Easter Sunday press conference where the three presidential candidates reacted to a statement falsely attributed to Robredo, that chaos would ensue if she lost. It was corrected during the same press conference, with a reporter saying it was Moreno himself who had made the assertion in an interview with a pro-administration blogger. \u201c\u2018Yung focus ko hindi madi-distract ng mga nangyayari. \u2018Yung focus ko nasa ano ba \u2018yung goal natin. \u2018Yung goal natin dito dapat beyond ito sa ating mga kandidato,\u201d said Robredo. (I\u2019m focused on not being distracted by what\u2019s happening. I am focused on our goal. And our goal must go beyond the candidates.) Robredo, her running mate Senator Kiko Pangilinan, and their Senate slate barnstormed Cebu on April 21, their second time in the vote-rich province since the campaign period started. The tandem and their slate graced three campaign rallies in Northern Cebu \u2013 in Bantayan Island, Bogo City, and Danao City \u2013 before headlining a grand rally in Mandaue City. \u2013 Rappler.com"},{"headline":"CAMPAIGN TRAIL: Marcos Jr., Robredo stage back-to-back rallies in Cebu province","date":"2 mins ago","author":"Rappler.com","full_article":"Fresh off the days-long Holy Week break, presidential candidates Ferdinand \u201cBongbong\u201d Marcos Jr. and Vice President Leni Robredo are set to hold major rallies in vote-rich Cebu province on Monday, April 18 and Thursday, April 21. Marcos, fresh off the formal endorsement of local party One Cebu, will be joined by running mate Davao Mayor Sara Duterte and their UniTeam slate for a \u201cgrand rally\u201d at the Filinvest Grounds at the South Road Properties in Cebu City. They will only have two other events before this \u2013 a \u201cmeet and greet\u201d at Parklane Hotel, also in Cebu City, and a mini-rally with PWDs and senior citizens ahead of the grand rally. Robredo, meanwhile, will be joined by running mate Senator Kiko Pangilinan and their Senate slate for a series of rallies around several cities and municipalities in the province, ending with a people\u2019s rally in Mandaue City. Cebu province is home to over 3.2 million registered voters \u2013\u00a0making it, as in previous elections, the most vote-rich in 2022. Bookmark and refresh this page to get updates on both Marcos and Robredo\u2019s visits to Cebu, as well as insights into the local races in the Queen City of the South and the rest of the province. The Vice President also got a (pre)birthday surprise from volunteers here pic.twitter.com\/j61r35dydO Sinulog energy for VP Robredo\u2019s entrance in today\u2019s Mandaue rally. She won in Cebu province in 2016 \u2014 rival Marcos Jr was distant third. Will Cebu still go for Robredo in 2022? pic.twitter.com\/DKlcMbbEjP Actor Donny Pangilinan also speaks to the Cebuano crowd through a video message. #PHVote #PHVoteRobredo #WeDecidehttps:\/\/t.co\/FQ4Aof6TTY pic.twitter.com\/2effaluaoo Chiu, in Bisaya, urges Filipinos to vote for Leni Robredo and Kiko Pangilinan for honest and good governance. #PHVote #PHVoteRobredo #WeDecidehttps:\/\/t.co\/FQ4Aof6TTY LOOK: Drone shots of the crowd at the grand rally of presidential candidate VP Leni Robredo and running mate Sen Kiko Pangilinan at the Ouano Avenue reclamation area in Mandaue City, Cebu, the country\u2019s most vote-rich province. #PHVote \ud83d\udcf7 VP Leni Media Bureau @rapplerdotcom pic.twitter.com\/aLDsJHDnnm Supporters in Danao welcome Robredo as she makes her way to the campaign stage. This is her last stop before she heads to Mandaue city. #PHvote pic.twitter.com\/IRFs0bU0h8 Context: Danao City in northern Cebu\u2019s 5th District is the bailiwick of the Durano family and their Bakud Party.The district has at least 330,000 registered voters. #PHvote #WeDecide Ace Durano has yet to endorse a presidential bet as an individual, but his running mate Junjun Davide declared support for Robredo as early as Oct. the fact the rally was allowed to be held on city hall grounds is significant #PHvote #wedecide LTFRB Central Visayas denies claims of discrimination and says the PUV operators who applied for permits have been contracted by the government for its \u2018Libreng Sakay\u2019 program since April 13. Read more. ."},{"headline":"Use less air-con, drive slower to shun Russian energy and save money, IEA urges","date":"Apr 21, 2022 10:15 PM PHT","author":"Reuters","full_article":"BRUSSELS, Belgium \u2013\u00a0Raise your air-conditioner\u2019s temperature, adjust your boiler settings, drive slower, and swap short-haul flights for trains: some of the International Energy Agency (IEA)\u2019s advice on how consumers can help reduce reliance on Russian energy and cut their bills. Energy saving has long been needed to meet climate goals, but months of soaring energy prices and a scramble to cut reliance on Russian fossil fuels following Moscow\u2019s invasion of Ukraine have pushed the issue up the political agenda. In a guide launched with the European Commission on Thursday, April 21, the Paris-based IEA recommended Europeans work from home where possible, share cars, avoid driving on Sundays in large cities, and use bikes, public transport, or walk more. The IEA said if followed, the recommendations could save 450 euros per year on the energy bill of a typical EU household, depending on factors such as the type of home and car owned. Just turning down the thermostat by 1\u00b0C could shave 70 euros off a household\u2019s heating bill, while driving on average 10 kilometers per hour slower on motorways could save another 60 euros per year on fuel, it said. If done EU-wide, the measures could save 220 million barrels of oil per year and 17 billion cubic meters of gas, the IEA said. The 27-country EU has pledged to stop Russian fuels by 2027, but in the short term remains dependent on Moscow for 26% of its oil imports and 40% of its gas \u2013 importing 155 billion cubic meters of Russian gas per year. If Russia were to cut off gas supplies, or if the EU sanctioned Russian gas, far wider emergency measures would be needed to slash use of the fuel, such as factory closures and potential energy rationing. Governments including Austria and Luxembourg welcomed the IEA ideas, although Luxembourg Energy Minister Claude Turmes said EU-wide action, such as on reducing speed limits, would be needed to ensure they are taken up. \u201cThis needs to be more than just voluntary,\u201d Germany\u2019s state secretary for economy and climate, Patrick Graichen, added. Italy said on Wednesday, April 20, it will impose air-conditioning temperature limits for public buildings, but so far few countries have asked citizens to use less energy \u2013 even as they race to fill gas storage ahead of next winter, and brace for potential disruptions to Russian energy supplies. \u2013 Rappler.com"},{"headline":"LIST: Complaints filed against red-tagger Lorraine Badoy","date":"Apr 21, 2022 7:55 PM PHT","author":"Michelle Abad","full_article":"MANILA, Philippines \u2013 Communications Undersecretary Lorraine Badoy has been one of the most constant faces of President Rodrigo Duterte\u2019s crackdown on dissent throughout his administration. Badoy, who is also the spokesperson for the National Task Force to End Local Communist Armed Conflict (NTF-ELCAC), has often targeted activists and human rights defenders by alleging they are members of the local communist movement. This is called red-tagging. Red-tagging is the act of linking legitimate progressive groups to the Communist Party of the Philippines (CPP) and its armed wing, the New Peoples\u2019 Army (NPA). But a growing number of her targets refuse to let her get away with using her position to freely utter statements that have put lives in danger. Based on Rappler\u2019s count, Badoy faces at least 11 administrative and criminal complaints for her serial red-tagging as of April 21, 2022. Here\u2019s a list of her targets who retaliated, and the details of their complaints, starting with the most recent: Nobel Laureate and Rappler CEO Maria Ressa filed an administrative complaint against Badoy on April 19, 2022, over \u201cmalicious and defamatory\u201d posts and articles against the journalist. In her complaint filed with the Office of the Ombudsman, Ressa listed at least nine instances when Badoy branded her as an \u201cenemy of the state\u201d using her verified Facebook page or through official websites. Badoy had also falsely declared Rappler as an \u201cally and mouthpiece\u201d of the CPP-NPA. Ressa claimed Badoy violated Section 4(A) of the Code of Conduct and Ethical Standards. The mother of the individual who sparked a movement to give free food and other goods to Filipinos during the pandemic sued Badoy for red-tagging organizers for their initiative. Zen Bernardo, mother of Maginhawa Community Pantry organizer Ana Patricia \u201cPatreng\u201d Non, filed the case with the Ombudsman on April 13, 2022, for the \u201ccommencement of disciplinary proceedings to undermine the administrative, civil, and criminal liabilities\u201d of Badoy. Bernardo cited Badoy\u2019s red-tagging of community pantry organizers like Non in her complaint. The mother said that Badoy\u2019s dissemination of false information was a misuse of her official authority and public resources, which also led to the endangerment of the lives of ordinary citizens. She said Badoy violated the Philippine law on crimes against humanity as well as the Code of Conduct and Ethical Standards. Bernardo also alleged Badoy maliciously disclosed Non\u2019s sensitive personal information, and caused undue injury to people involved in the pantries. On April 7, 2022, leaders of the Alliance of Health Workers (AHW) filed administrative and criminal complaints against Badoy with the Ombudsman for defaming and red-tagging their leaders. A few days later, on April 11, the AHW went to the Professional Regulation Commission to seek the immediate revocation of her physician\u2019s license. The group said Badoy maliciously implicated the AHW as a creation of the CPP-NPA-National Democratic Front (CPP-NPA-NDF) with the intention to infiltrate the government. Cristy Donguines, a nurse and president of Jose Reyes Memorial Medical Center Employees Union-Alliance of Health Workers, said Badoy\u2019s baseless accusations have caused \u201canxiety and sleepless nights\u201d to AHW\u2019s national leaders and members, as well as those close to them. Petitioners from progressive groups sued Badoy on March 30, 2022, for red-tagging opposition leader Vice President Leni Robredo. The groups cried foul over Badoy alleging the Vice President was a supporter of the CPP-NPA just because progressive groups expressed support for her presidential bid. Badoy also called Robredo a \u201cvirtual mouthpiece of the terrorist group.\u201d The complainants included Pambansang Lakas ng mga Mamalakaya, AMIHAN Peasant Women Federation, Kilusang Magbubukid ng Pilipinas, Kalipunan ng Damayang Mahihirap, Makabayang Koalisyon ng Mamamayan, and Kilusang Mayo Uno. They alleged Badoy violated the Code of Conduct and Ethical Standards for Public Officials and Employees, and Joint Circular No. 001 (s. 2016) of the Commission on Elections and Civil Service Commission on electioneering and partisan political activities. They also claimed she caused undue injury in the discharge of official administrative functions in violation of the Anti-Graft and Corrupt Practices Act, and conducted partisan political activity, as prohibited by the Omnibus Election Code and the Administrative Code of 1987. On March 23, 2022, some 26 activists and concerned citizens filed before the Ombudsman three separate complaints against Badoy for red-tagging Robredo and members of the progressive Makabayan bloc in Congress. The petitioners said it was wrong for a public official like Badoy to hurl \u201cserious but baseless accusations.\u201d They said that someone who initiates and spreads fake news has no place in the government and in state media. They accused Badoy of multiple violations of the Anti-Graft and Corrupt Practices Act and the Code of Conduct and Ethical Standards for Public Officials and Employees. The three complaints were the first of their kind during the 2022 election period. Kabataan Representative Sarah Elago filed with the Ombudsman an administrative complaint against six officials of the NTF-ELCAC, including Badoy. In her complaint, Elago said Badoy and the other officials committed grave misconduct for repeatedly claiming she was a communist rebel, and accusing the progressive party-list group of acting as a \u201cfront organization\u201d for the CPP. Elago argued the six government officials were acting in their official capacity, and are guilty of malfeasance when they made the claims against her. She said the officials\u2019 red-tagging violated the Code of Conduct and Ethical Standards for Public Officials and Employees. In a unique case, human rights group Karapatan argued that Badoy, National Security Adviser Hermogenes Esperon Jr., military general Antonio Parlade Jr., and social media personality Mocha Uson committed a crime against humanity by persecution. On December 4, 2020, Karapatan filed criminal and administrative suits against the officials using the 2009 International Humanitarian Law (IHL). Karapatan secretary-general Cristina Palabay said she and Karapatan had been \u201cpersistently tagged as terrorist members or supporters of the CPP-NPA by the Respondents.\u201d They claimed to have suffered from persecution, which the IHL punishes when committed \u201cagainst any identifiable group or collectivity on political, racial, national, ethnic, cultural, religious, gender, sexual orientation or other grounds that are universally recognized as impermissible under international law.\u201d Policy research group Ibon Foundation filed an administrative complaint with the Ombudsman against Badoy, Parlade, and Esperon for their \u201cpersistent attacks\u201d against and \u201cred-tagging\u201d of progressive groups. Ibon asked the Ombudsman to punish the officials for their conduct that was \u201cgrossly disregardful of the public interest, unprofessional, unjust and insincere, politically biased, unresponsive to the public, distorting nationalism and patriotism, and undemocratic.\u201d The group said Badoy and the other two officials violated provisions of the Code of Conduct and Ethical Standards for Public Officials and Employees. Leading up to the complaint, Badoy in an episode of One News\u2019 The Chiefs claimed that Ibon was part of the CPP instead of addressing Ibon\u2019s concerns after it fact-checked numbers cited in the Duterte Legacy campaign. \u2013 Rappler.com"},{"headline":"Global tourism to recover from pandemic by 2023, post 10-year growth spurt","date":"Apr 21, 2022 9:15 PM PHT","author":"Reuters","full_article":"MANILA, Philippines \u2013\u00a0The global travel and tourism sectors are projected to return to pre-pandemic levels in 2023 and grow at a rate that will outpace global gross domestic product (GDP) growth, the World Travel and Tourism Council (WTTC) said on Thursday, April 21. The industry is expected to post an annual average growth rate of 5.8% from 2022 to 2032 versus the 2.7% increase in global GDP, and create 126 million new jobs, WTTC said in a report released during the industry group\u2019s conference in Manila. In 2019, tourism accounted for a tenth of global GDP and jobs but the coronavirus pandemic decimated the $9.6-trillion industry, halving its output value and leaving 62 million people jobless. \u201cThe recovery is going to be so stellar that it\u2019s going to recover really powerfully. This does depend of course on China reopening,\u201d said WTTC president Julia Simpson, calling on all governments to reopen borders. China\u2019s \u201czero COVID\u201d policy and persistent lockdowns have disrupted global trade and domestic and international travel. The travel and tourism industry\u2019s GDP is seen hitting $8.35 trillion this year and $9.6 trillion in 2023, a return to its pre-pandemic level. Tourism jobs are projected to recover to 300 million this year and 324 million in 2023, close to the 333 million seen in 2019, WTTC said. In Asia-Pacific alone, the hospitality industry\u2019s GDP will likely hit $3.4 trillion in 2023, already above the $3.3 trillion it saw in 2019, it said. Compared with North America and Europe, travel has trailed in Asia-Pacific because of strict border restrictions in many countries. In Southeast Asia, travelers are now getting back on planes as the region\u2019s entry and COVID-19 quarantine rules are lifted. But a full recovery will be slow, industry members say.\u00a0\u2013 Rappler.com"},{"headline":"La Salle pulls off overtime escape, denies breakthrough for gutsy UE","date":"Apr 21, 2022 10:06 PM PHT","author":"JR Isaga","full_article":"MANILA, Philippines \u2013 Winless UE gave La Salle the fight of a lifetime as the Green Archers dragged their way to an 85-82 overtime win against the gutsy Red Warriors at the Mall of Asia Arena on Thursday, April 21. The Archers hustled their way to a 7-3 record, and moved further away from the three-way logjam at fourth place featuring Adamson, FEU, and NU. Meanwhile, the Red Warriors officially fell out of Final Four contention in heartbreaking fashion with a 0-10 slate. Michael Phillips led the Archers\u2019 hustling charge with a mind-blowing 12-point, 26-rebound double-double, while captain Justine Baltazar posted a near-identical and equally amazing line of 14 points and 22 boards. All in all, the frontcourt pair\u2019s 48 boards eclipsed the entire UE\u2019s rebounding total of 41. Phillips\u2019 26 boards were also the most a player grabbed since Ateneo star Ange Kouame snagged 27 back in 2018. However, it was streaky guard Mark Nonoy who came out of nowhere for the winning plays in overtime as he followed up a lucky bank shot that broke the final deadlock, 80-78, with a wide-open dagger three with 23.9 ticks left for the 83-78 separation. Although the rising duo of Clint Escamis and Harvey Pagsanjan only needed 11 seconds to convert two quick shots to get within 82-83, Baltazar calmly sealed the deal with two free throws off a duty foul with 10.1 ticks left after a whole night of splitting his charities. \u201cWe really had to dig deep to get this win. UE played really well. I told the boys there\u2019s always a first time, and we can\u2019t let UE to get their first win,\u201d said head coach Derick Pumaren after the exhausting quadruple-header main event. UE actually started off strong with a 15-point lead, 25-10, early in the second quarter, but La Salle kept coming back with major runs \u2013 the last big one being an 18-2 blitz that turned a 46-57 third quarter deficit to a 64-59 lead midway through the final frame. However, the win-hungry Warriors just refused to throw in the towel, and ultimately forced a 69-all tie to end regulation off a buzzer-beating Allan Beltran layup off a Kyle Paranada miss. UE last led, 76-75, off a Pagsanjan triple at the 2:53 mark of the extra period, before La Salle seized momentum off hustle, luck, and good old execution of plays in the clutch. Pagsanjan led all scorers in the heartbreaking loss with a career-high 23 points on 8-of-15 shooting in more than 36 minutes of action, while brothers Kyle and Nico Paranada sparked hope in regulation before finishing with 13 and 9 points, respectively. La Salle now gains much-needed momentum heading to its blockbuster Saturday, April 23 match against the second-seeded UP Fighting Maroons at 4:30 pm. Meanwhile, UE aims to vent its frustrations out on the rallying FEU Tamaraws at another 7 pm nightcap. La Salle 85 \u2013 Winston 18, Lojera 17, Baltazar 14, M. Phillips 12, Nonoy 11, Nwankwo 5, Nelle 3, Escandor 2, Galman 2, Cuajao 1, B. Phillips 0, Manuel 0. UE 82 \u2013 Pagsanjan 23, K. Paranada 13, J. Cruz 10, Beltran 9, N. Paranada 9, Escamis 7, Sawat 6, Lorenzana 5, Antiporda 0, Villanueva 0, Guevarra 0, P. Cruz 0, Abatayo 0. Quarters: 9-20, 32-32, 48-57, 69-69 (reg.), 85-82 (OT). \u2013 Rappler.com"},{"headline":"LIVE UPDATES: Overseas voting for the 2022 Philippine elections","date":"2 hours ago","author":"Jojo Dass","full_article":"Over 1.6 million overseas Filipinos will begin voting for national candidates in the 2022 elections on Sunday, April 10, or a month ahead of the May 9 elections. During the monthlong overseas voting, Filipinos abroad will be choosing their president, vice president, senators, and party-list groups. Depending on their host country\u2019s designated mode of voting, overseas Filipinos will either vote personally by appearing at Philippine embassies, consulates, and other official polling places, or vote via mail. (READ: #PHVote Guides: Where, when, and how to vote overseas) Bookmark and refresh this page for updates from around the globe on the Philippines\u2019 overseas voting for the 2022 elections. Philippine Consul General in Dubai Renato Due\u00f1as Jr. strongly advised voters and poll watchers to strictly comply with election rules and regulations. He said the consulate\u2019s personnel are required to report violators to the Commission on Election (Comelec), who will be dealt with to the full extent of the law. Due\u00f1as warned that violations of election laws \u2013 including the unofficial publication of exit polls, propagation of false and alarming reports or information, and the circulation of false orders during the conduct of overseas voting, among others \u2013 \u201care taken seriously by the Commission.\u201d The following information may be collected and reported to the Comelec: Political parties with accredited poll watchers are the PDP-Laban, Lakas-CMD, Partido Federal ng Pilipinas, Liberal Party, and SAGIP party list. The Commission on Elections (Comelec) might suspend overseas voting or even declare a failure of elections in Afghanistan and Ukraine due to unrest there. During a House suffrage panel hearing on Wednesday, April 20, Comelec Director Sinoa Bea Wee-Lozada told lawmakers that Filipinos would be unable to cast their ballots in the two countries, where mandatory repatriation is ongoing. Afghanistan and Ukraine have a total of 42 registered Filipino voters for the 2022 Philippine elections. Department of Foreign Affairs Undersecretary Brigido Dulay reported to the Senate committee on electoral reforms and people\u2019s participation that there was an increasing number of overseas Filipino workers (OFWs) who were \u201cvery eager to participate in the elections.\u201d Dulay updated the Senate panel on Tuesday, April 19, on the developments in the overseas elections. He said most Philippine posts have been opened to accommodate Filipino voters abroad. Some Filipino groups still worry over the possibility of disenfranchisement as many Filipinos in areas with a postal mode of voting like in the United States have yet to receive their ballots. Filipinos abroad have 20 days left to vote. The Philippine consulate in Dubai, United Arab Emirates (UAE) reported a \u201cgood turnout\u201d on the first week of overseas voting. Head of mission Consul General Renato Due\u00f1as Jr. said that Filipinos come to vote during evenings because of the workweek but added that the consulate expected more people to come on weekends. \u201cWe had a good turnout of voters for the first week of the overseas voting here at Dubai Philippine Consulate General\u2019s Office. Since it\u2019s a weekday, there were not as [many] people who came to vote during working hours but we are open to accommodating voters until 9 pm \u2013 cut-off at 8 pm, depending on the number of people in the waiting area. Some come to vote after work,\u201d Due\u00f1as told Rappler. With a total of 290,182 voters, UAE has the biggest number of registered overseas absentee voters among overseas Filipino workers destinations across the globe. Due\u00f1as said that Dubai alone has 191,779 Filipino voters, which is two-thirds of the total. Citing Commission on Elections regulation, the consulate declined to provide figures on how many\u00a0have voted so far. The Comelec says it will await a report on the incident from the embassy. #PHVote #WeDecide https:\/\/t.co\/si0Cy0Xx41 The United Filipinos in Hong Kong (Unifil-Migrante) welcomed the Philippine consulate in Hong Kong\u2019s addition of five more polling precincts for the conduct of overseas voting in the special administrative region, the group said in a statement on Wednesday, April 13. The post now has 10 precincts and respective vote-counting machines (VCMs). \u201cThe prompt outcry of the vigilant members of the Filipino migrant community drew attention to the serious setbacks on the first day of voting, which resulted in this positive development in overseas absentee voting in Hong Kong,\u201d Unifil-Migrante said. The addition of five VCMs was a call the group had made in the days before the start of the overseas election. They flagged possible disenfranchisement because there were 10 VCMs in previous elections and initially five in the 2022 elections, despite registered voters in Hong Kong being at their highest ever in 2022 at 93,886. \u201cOur serious concerns were validated during the first day of voting. Snaking queues of OFWs wound up meters away from the Bayanihan Centre entrance. Reports from voters claim that they queued no less than four or five hours before they could vote,\u201d the rights group said. Bayan Muna Representative Ferdinand Gaite earlier called for an immediate investigation into the \u201cchaotic and disorganized\u201d polling system in Hong Kong. Ang sabi-sabi:\u00a0Batay sa exit poll, nakakalap ng 3,780 na boto si Ferdinand \u201cBongbong\u201d Marcos Jr. sa Hong Kong noong Abril 10, unang araw ng overseas voting para sa 2022 elections. Marka:\u00a0HINDI TOTOO Ang katotohanan:\u00a0Ayon sa Philippine Consulate General Hong Kong, 3,285 lamang ang bilang ng bumoto para sa lahat ng presidential candidates sa unang araw ng overseas voting. Hindi maaaring mas mataas pa rito ang bilang ng boto ni Marcos Jr. Bakit kailangan i-fact-check:\u00a0Nang i-fact-check ito, nasa 25,000 na reaksiyon, 3,400 na komento, at 7,200 na share sa Facebook ang post ni Jay Sonza na may sabi-sabing ito. Basahin dito ang detalyadong fact check."},{"headline":"LIVE UPDATES: Russia-Ukraine crisis","date":"4 mins ago","author":"Reuters","full_article":"After weeks of escalating tensions in the region and sanctions imposed by Western nations, Russia has begun its invasion of Ukraine, with President Vladimir Putin authorizing a military operation in the eastern part of the country on Thursday, February 24. \u201cRussia cannot feel safe, develop, and exist with a constant threat emanating from the territory of modern Ukraine,\u201d Putin said. \u201cAll responsibility for bloodshed will be on the conscience of the ruling regime in Ukraine.\u201d Explosions were heard in the Ukrainian capital of Kyiv shortly after Putin\u2019s announcement that signaled what appeared to be the start of war in Europe. Ukraine vowed to defend itself from what it called a \u201cwar of aggression.\u201d \u201cThe world can and must stop Putin. The time to act is now,\u201d said Ukrainian Foreign Minister Dmytro Kuleba. Bookmark and refresh this page for updates and analyses of the latest news on the ongoing Russia-Ukraine crisis. Raise your air-conditioner\u2019s temperature, adjust your boiler settings, drive slower, and swap short-haul flights for trains: some of the International Energy Agency (IEA)\u2019s advice on how consumers can help reduce reliance on Russian energy and cut their bills. Read more. Ukraine is working behind the scenes to convince Western allies to shift Russia\u2019s shipments of natural gas from the Nord Stream 1 pipeline to Ukraine\u2019s pipeline, increasing Kyiv\u2019s leverage in its conflict with Russia, energy officials told Reuters. Doing so, they said, would force Russia to move more of its Europe-bound gas through Ukraine. That would make Moscow pay more transit fees that could help Ukraine\u2019s wartime defense and deter Russia from damaging Ukraine\u2019s gas pipelines in the meantime, they told lawmakers and Biden administration officials in Washington last week. More details here. Annual inflation in Russia accelerated to 17.62% as of April 15, its highest since early 2002 and up from 17.49% a week earlier, the economy ministry said on Wednesday, April 20, as the volatile rouble sent prices soaring amid Western sanctions. Read more. Russian President Vladimir Putin on Wednesday, April 20, called for structural changes in Russia\u2019s metallurgical industry to counter Western sanctions he said were starving it of some components and restricting its ability to sell some goods abroad. Here\u2019s what Putin said. Tata Steel will stop doing business with Russia, India\u2018s largest steelmaker by revenue said on Wednesday, April 20, making it the latest global company to cut ties with the country for invading Ukraine. Read more. US President Joe Biden will deliver an update on the Russian invasion of Ukraine on Thursday. April 21, as he works to complete a new arms package for its military. Biden is to address Americans from the White House Roosevelt Room at 9.45 am (1345 GMT; 9:45 pm Philippine time) and a source familiar with the planning said he is \u201cexpected to provide an update on our efforts to support Ukraine and the assistance we are providing.\u201d The new arms package was likely to be roughly the same size as an $800 million one announced last week but details were still being worked out, another US official told Reuters earlier. Read the full story. Exports of essential medical devices Russia is dependent upon from the West have been partly restored, reducing the immediate risk of life-threatening shortages after a near-total collapse when the war in Ukraine began, a Western industry source told Reuters. Russia imports a large share of its medical equipment, such as pacemakers and radiotherapy devices, from the European Union and the United States and its reliance is particularly acute for the most complex and critical machines. Here\u2019s the full story."},{"headline":"Radisson Hotel Group plans Asia-Pacific expansion as travel restrictions ease","date":"Apr 21, 2022 8:55 PM PHT","author":"Reuters","full_article":"MANILA, Philippines \u2013\u00a0Radisson Hotel Group plans to add 150 hotels in Asia-Pacific this year as it banks on travel, tourism, and economic recovery in the region, its chief executive officer said on Thursday, April 21. Radisson, one of the world\u2019s largest hotel groups, is in the midst of a five-year plan to double its properties to 3,200 hotels in 120 countries by 2025. \u201cOverall, Asia plays a significant role in our business plans because of the significant presence that we can build in the future,\u201d Radisson CEO Federico Gonzalez told reporters. Radisson last year signed deals to put up 200 hotels worldwide, of which 137 are in Asia-Pacific. It takes three to five years for hotel deals to reach operation stage. Radisson sees its China and India portfolios increasing to 1,000 and 200 hotels, respectively, by 2025, Gonzalez said, adding that around 150 deals will be signed this year. But China\u2019s stringent lockdown measures could impact the completion of new hotels, he said. Travel in Asia-Pacific is trailing the rest of the world and should expect a bumpy recovery, because of slower border reopenings, a Booking.com executive said in March. At the end of the company\u2019s expansion program, Asia-Pacific will account for most of Radisson\u2019s hotel rooms though much of revenues will still come from Europe. Revenues and profits are expected to return to pre-pandemic levels by next year, Gonzalez said, as COVID-19 restrictions are lifted around the world. \u2013 Rappler.com"},{"headline":"SCHEDULE: Campaign activities of national candidates \u2013 2022 PH elections","date":"50 mins ago","author":"","full_article":"The campaign period for the 2022 national elections in the Philippines began on February 8. With the election craze in full swing, candidates are expected to travel and reach out to Filipino voters across the country to personally discuss their platforms and plans for 2022 and beyond \u2013 additional restrictions here and there, given the pandemic. Bookmark this page to follow the sorties, events, and activities of presidential candidates and their running mates. When information is available, we will also indicate which senatorial aspirants are campaigning with the standard-bearers. Rappler will publish the national candidates\u2019 weekly schedule showing where they are going, when they are visiting, and other relevant information from the campaign trail. Each campaign stop has meaning, each event carries weight. Follow and refresh this page for updates. Tune in to Rappler\u2019s coverage of the 2022 national elections. Presidential candidate Ka Leody De Guzman and vice presidential candidate Walden Bello will have the following activities this week: APRIL 22, 2022 (FRIDAY) The map below show where national candidates will visit to campaign during the week of April 18 to April 24. Click the arrows to navigate daily schedules, zoom in to check specific places, and click each candidate to find more information about the event. We will update this map as more information become available. Presidential candidate Isko Moreno and vice presidential candidate Willie Ong will have the following activities this week: APRIL 18, 2022 (MONDAY) APRIL 19, 2022 (TUESDAY) APRIL 20, 2022 (WEDNESDAY) April 21, 2022 (THURSDAY) April 24, 2022 (SUNDAY) Presidential candidate Manny Pacquiao will have the following activities this week: APRIL 18, 2022 (MONDAY) APRIL 20, 2022 (WEDNESDAY) APRIL 21, 2022 (THURSDAY) APRIL 22, 2022 (FRIDAY) APRIL 23, 2022 (SATURDAY) Presidential candidate Ping Lacson and vice presidential candidate Tito Sotto will have the following activities this week: APRIL 19, 2022 (TUESDAY) APRIL 20, 2022 (WEDNESDAY) APRIL 21, 2022 (THURSDAY) APRIL 22, 2022 (FRIDAY) Presidential candidate Leni Robredo and vice presidential candidate Kiko Pangilinan will have the following activities this week: APRIL 18, 2022 (MONDAY) APRIL 19, 2022 (TUESDAY) APRIL 20, 2022 (WEDNESDAY) APRIL 21, 2022 (THURSDAY) APRIL 22, 2022 (FRIDAY) Presidential candidate Ferdinand \u201cBongbong\u201d Marcos Jr. and vice presidential candidate Sara Duterte will have the following activities this week: APRIL 18, 2022 (MONDAY) APRIL 20, 2022 (WEDNESDAY) The map below show where national candidates will visit to campaign during the week of April 11 to April 17. Click the arrows to navigate daily schedules, zoom in to check specific places, and click each candidate to find more information about the event. We will update this map as more information become available. Presidential candidate Ka Leody De Guzman and vice presidential candidate Walden Bello will have the following activities this week: APRIL 12, 2022 (TUESDAY) Presidential candidate Leni Robredo and vice presidential candidate Kiko Pangilinan will have the following activities this week: APRIL 12, 2022 (TUESDAY)"},{"headline":"Wesley So yields to Sevian in American Cup first round","date":"Apr 21, 2022 8:55 PM PHT","author":"Roy Luarca","full_article":"MANILA, Philippines \u2013 Wesley So suffered a shock defeat to Sam Sevian in the opening round of the 2022 American Cup on Wednesday, April 20 (Thursday, April 21, Philippine time) at the Saint Louis Chess Club in Missouri. Despite handling white, So was bound to lose a rook after Sevian promoted his d pawn to queen, forcing the back-to-back US champion to resign after 36 moves\u00a0\u00a0in their Nimzo-Indian Defense encounter. The Bacoor, Cavite-born So needs to beat Sevian with the black pieces in their second game on Thursday to force a playoff. A draw would oust So from the eight-man tournament where he\u2019s seeded No. 3. Other inaugural matches of the $300,000 event saw top seed Levon Aronian trounce Ray Robson, Leinier Dominguez draw with Sam Shankland and No. 2 Fabiano Caruana draw with Jeffery Xiong. The 21-year-old Sevian, who became a grandmaster at 13 and is ranked fifth in the field with an Elo 2693, also bested So (Elo 2778) in the 2015 US Championship. It was a disappointing start for So as he topped the third leg of the FIDE Grand Prix early this month. \u2013 Rappler.com"},{"headline":"Debate venue Sofitel threatens to back out over Comelec contractor\u2019s P14-million debt","date":"Apr 21, 2022 8:37 PM PHT","author":"Dwight de Leon","full_article":"MANILA, Philippines \u2013 The final debates organized by the Commission on Elections (Comelec) that are scheduled on Saturday and Sunday, April 23 and 24, run the risk of cancellation after the poll body\u2019s contractor failed to fully pay Sofitel Garden Plaza, the official venue for the highly anticipated debate series. Rappler learned that lawyers of Philippine Plaza Holdings (PPHI), owner of Sofitel, sent a demand letter to Impact Hub Manila, the Comelec\u2019s partner for the PiliPinas Debates, on Wednesday, April 20. The letter said checks signed by Impact Hub Manila chief executive officer Ces Rondario were \u201cdishonored\u201d by the banks \u201cfor being drawn against insufficient funds.\u201d Under the agreement between PPHI and Impact Hub Manila, the latter is required to pay a total of P20.5 million in four installments from March 16 to April 20. PPHI has yet to receive P14.095 million, however, due to the checks that bounced. \u201cUnless our client is paid the full outstanding balance of P14,095,000 in either cash or through credit card by 12 noon tomorrow (Thursday, April 21), our client will be constrained to suspend all its remaining deliverables under the event contract,\u201d the demand letter read. A source told Rappler that Impact Hub Manila has yet to settle its obligations as of Thursday. The 2022 elections is a first for Impact Hub Manila. During a memorandum of agreement signing in March, Rondario said Vote Pilipinas started when she realized only after the 2019 midterm polls that 70% of her team in an earlier company were not registered voters. Impact Hub Manila is the Comelec\u2019s production partner for the staging of the debate series. Its funders are unclear. Rappler tried to call Rondario multiple times, but was unable to reach her. We also called Vote Pilipinas tech consultant Lawrence Libo-on, who told Rappler that the debates will push through. We also reached out to multiple Comelec officials to ask whether the debates would push through this weekend, but we have yet to receive a response. \u2013 Rappler.com"},{"headline":"If elected, Leody de Guzman will first solve hunger, malnutrition","date":"Apr 21, 2022 8:39 PM PHT","author":"Jairo Bolledo","full_article":"MANILA, Philippines \u2013 Labor leader and presidential candidate Leody de Guzman said if he wins on May 9, he would first solve the country\u2019s problem with hunger and malnutrition. De Guzman said he wanted to focus in developing rural areas in his first 100 days if elected as the country\u2019s next leader. \u201cAng program namin talaga ay resolbahin \u2019yong kagutuman sa ating bansa. \u2019Yong malnutrisyon sa ating bansa, kaya magfo-focus kami ni Walden sa pagpapaunlad ng ating kanayunan. (Our programs really want to resolve the problem of hunger in the country. The malnutrition in our country, Walden and I will focus on developing our rural areas),\u201d the labor leader said. The labor leader is running as the standard bearer of Partido Lakas ng Masa, with Walden Bello as his running mate. The main platforms of the tandem are anchored in economic reforms and social development. Based on the December 2021 survey of the Social Weather Stations, an estimated three million Filipinos experienced involuntary hunger. Meanwhile, according to the data of the Philippine Statistics Authority, at least 4,844 Filipinos died of malnutrition from January to October 2021. De Guzman said he would also focus on strengthening the country\u2019s agricultural sector. \u201cAgad talagang magkaroon, magkaroon ng klaro na irere-orient natin \u2019yong sistema ng ating ekonomiya. Mag-focus tayo sa agriculture. Paunlarin natin \u2019yong agriculture\u2026Buksan natin \u2019yong industriya at pagpapaunlad niyan ng ating industriya, \u2019yon ang ating gagawin,\u201d the labor leader said. (We would immediately have a clear reorientation of our economic system. We will focus on agriculture. We should develop our agriculture. We will open our industries and its development.) The labor leader said he would implement these immediate plans under his main agenda: his Labor First Policy. \u201cLahat sa framework yan, sa framework ng Labor First Policy. \u2019Yon ang framework agad na dapat ay mga manggagawa muna ang unahin. Kapag sinabi ko Maria na manggagawa muna ang ibig kong sabihin diyan ay mga taong kinakailangan magtrabaho para mabuhay. Sila \u2019yong, sila \u2019yong ating dapat paglingkuran,\u201d De Guzman said. (All of these will be under the framework of Labor First Policy. That\u2019s the framework that workers should be prioritized. When I say workers first, Maria, that means people who need to work to survive. We should serve them.) De Guzman\u2019s Labor First Policy includes ending contractualization, raising the minimum wage to P750 and streamlining it across the country. The labor leader would also ban manpower agencies under his policy. \u2013 Rappler.com"},{"headline":"CAMPAIGN TRAIL: After dropping survey points in Luzon, Marcos stops by Mimaropa and Calabarzon","date":"10 mins ago","author":"Lian Buan","full_article":"Presidential candidate Ferdinand \u201cBongbong\u201d Marcos Jr. will visit Mindoro\u00a0morning Wednesday, April 20, before heading to Batangas in the late afternoon for a grand rally with his vice presidential bet Sara Duterte. These stops follow the front runner dropping four points in Balance Luzon in the March survey of Pulse Asia. Marcos will be in Mamburao, Occidental Mindoro in the morning, and then in Calapan, Oriental Mindoro after lunch. Duterte, on the other hand, will be making several stops in Batangas before meeting Marcos in Lipa at 4:30 pm for a grand rally. This is Marcos\u2019 fourth return to Batangas, a province of 1.8 million voters and where Vice President Leni Robredo won by a margin of 253,000 in 2016. Marcos and Duterte will continue their Calabarzon leg Thursday, April 21, in Laguna, a province of 2 million voters. Marcos won Laguna by a margin of 50,000 in 2016. The Uniteam is scheduled for a 6pm grand rally in Bi\u00f1an. Marcos and Duterte now here in Bi\u00f1an. pic.twitter.com\/hTk9PgAwIy Pres Rodrigo Duterte is in Silang, Cavite at the moment for the PNPA graduation rites, while his daughter Sara and Bongbong Marcos are in neighboring Laguna. Yesterday, Panelo was in Batangas for Uniteam rally and insisted there's no need for Pres Duterte to endorse Marcos https:\/\/t.co\/JHdruvUXo4 Uniteam makes 4th visit to Laguna, 4th most vote rich province with 2 million votes up for grabs. Marcos won here by a margin of 50k over Robredo in 2016. Sara Duterte has a solo event at the local Mercado sortie in San Pedro, before the Bi\u00f1an grand rally later @rapplerdotcom pic.twitter.com\/u8Q5PHbKJ6 Reporters had a really hard time earlier trying to enter through the backstage even though we have Uniteam IDs. BBC's @Howardrjohnson stayed outside and managed to ask Marcos \"are you hiding something from the public?\" It went unanswered. | via @lianbuan https:\/\/t.co\/LrDLIbnYGy In Mindoro where power outage is a problem, Marcos says he will address electricity if he wins president. He still wraps it up by saying all hurdles will be overcome with unity \u2013 a branding that has worked for him if survey results are indications. Marcos is in Mamburao, Occ Mindoro now, a province of 313,427 voters which Robredo won in 2016 or 79,411 votes vs Marcos' 57,115. Mimaropa went to Robredo as a region in 2016, but Marcos has local support now including Occ Mindoro Gov Eduardo Gadiano \ud83d\udcf8 Uniteam Livestream pic.twitter.com\/mXX2jrjXke Mindoro and Batangas are strategic spots, consistent to the strategy of Marcos to\u00a0consolidate his votes in Luzon, making up more than half of total national voter population. In Balance Luzon, Marcos dropped four points in the March Pulse Asia survey, while Vice President Leni Robredo gained her biggest increase of 14 points here. Oriental and Occidental Mindoro, both of which Marcos will visit, have a combined 877,550 voters. The entire region of Mimaropa only has 1.99 million voters, but Robredo won the region in 2016. In the latest Pulse Asia survey, Marcos dropped 8 points in Mimaropa, while Robredo gained 20 points. Marcos is still ahead however at 51-27. Calabarzon too is crucial, being the top vote-rich region with a total voter population of 9.1 million. In the March survey of Pulse Asia, Marcos dropped 13 points here. This development made him and Robredo statistically tied in the region at 38-37. The Marcos numbers dipped even though three governors in the region vowed to support him \u2013 Hermilando Mandanas of Batangas, Jonvic Remulla of Cavite and Danilo Suarez of Quezon."}]